{
  "asset_id": "99689949962022",
  "body_id": "9968994",
  "handle_id": "9962022",
  "door_type": "RoundDoor",
  "open_direction": "right-pull",
  "coordinate_frame": "F_world: x=right, y=up, z=out-of-door",
  "door_body": {
    "mesh_scale": 0.991626804394781,
    "width_m": 0.76705,
    "height_m": 1.760614,
    "depth_m": 0.127659,
    "bounding_box": {
      "min": [-0.38240873237556017, -0.9334272147520895, -0.06393610192945798],
      "max": [0.3846414007047937, 0.8271863178042419, 0.06372306025295658]
    }
  },
  "hinge": {
    "coordinate_frame": "F_world: origin=door_center, x=right, y=up, z=out-of-door",
    "position": [-0.33185633688023636, 0.7711576597294252, -0.0],
    "axis": [0.0, -1.0, -0.0],
    "lower_limit_rad": 0.0,
    "upper_limit_rad": 1.5079644737231006,
    "upper_limit_deg": 86.4
  },
  "handle": {
    "coordinate_frame": "position_on_door+rotation_axis: F_hinge (origin=hinge_joint, axes=F_world); bounding_box+grasp_point: F_handle (origin=handle_joint, axes=F_world)",
    "type": "round",
    "mesh_scale": 1.1036314089811892,
    "position_on_door": [0.5859200412144623, -0.8976016246346248, -0.02568122153489867],
    "rotation_axis": [0.0, 0.0, -1.0],
    "lower_limit_rad": 0.0,
    "upper_limit_rad": 1.5079644737231006,
    "upper_limit_deg": 86.4,
    "width_m": 0.066218,
    "height_m": 0.066218,
    "depth_m": 0.0607,
    "bounding_box": {
      "min": [-0.033152215516251395, -0.0330105528752195, 0.00014232651121426175],
      "max": [0.03306567674765382, 0.03320733938868571, 0.06084204437794515]
    },
    "grasp_point": [-4.326938568236936e-05, 0.041528497882272704, -0.0]
  }
}