{
  "asset_id": "99655039960006",
  "body_id": "9965503",
  "handle_id": "9960006",
  "door_type": "LeverDoor",
  "open_direction": "right-pull",
  "coordinate_frame": "F_world: x=right, y=up, z=out-of-door",
  "door_body": {
    "mesh_scale": 0.7727926928934716,
    "width_m": 0.927351,
    "height_m": 1.700144,
    "depth_m": 0.085007,
    "bounding_box": {
      "min": [-0.46333444488048553, -0.8483240761762159, -0.06228379036674974],
      "max": [0.4640165974468269, 0.8518201711934814, 0.022723593990797562]
    }
  },
  "hinge": {
    "coordinate_frame": "F_world: origin=door_center, x=right, y=up, z=out-of-door",
    "position": [-0.43107872977436495, 0.8212555453850839, -0.0],
    "axis": [0.0, -1.0, -0.0],
    "lower_limit_rad": 0.0,
    "upper_limit_rad": 1.5079644737231006,
    "upper_limit_deg": 86.4
  },
  "handle": {
    "coordinate_frame": "position_on_door+rotation_axis: F_hinge (origin=hinge_joint, axes=F_world); bounding_box+grasp_point: F_handle (origin=handle_joint, axes=F_world)",
    "type": "lever",
    "mesh_scale": 2.168468561311864,
    "position_on_door": [0.7828395534710215, -0.8695793994499799, -0.015916213578276408],
    "rotation_axis": [0.0, 0.0, -1.0],
    "lower_limit_rad": 0.0,
    "upper_limit_rad": 1.5079644737231006,
    "upper_limit_deg": 86.4,
    "width_m": 0.153016,
    "height_m": 0.027383,
    "depth_m": 0.063619,
    "bounding_box": {
      "min": [-0.14068154502936858, -0.013845662559765309, -0.005904783120514699],
      "max": [0.012334357232606527, 0.013537768733265242, 0.05771374428540252]
    },
    "grasp_point": [-0.07034077251468429, 0.047589166476221884, 0.002168468664308594]
  }
}