{
  "asset_id": "99650069962004",
  "body_id": "9965006",
  "handle_id": "9962004",
  "door_type": "RoundDoor",
  "open_direction": "right-pull",
  "coordinate_frame": "F_world: x=right, y=up, z=out-of-door",
  "door_body": {
    "mesh_scale": 0.8399853304298655,
    "width_m": 0.832089,
    "height_m": 1.824196,
    "depth_m": 0.128014,
    "bounding_box": {
      "min": [-0.4161856726289687, -0.9076965788692558, -0.06517170291760621],
      "max": [0.41590379123455706, 0.9164995411795193, 0.06284209626464668]
    }
  },
  "hinge": {
    "coordinate_frame": "F_world: origin=door_center, x=right, y=up, z=out-of-door",
    "position": [-0.3841822309937481, 0.8844961818658676, -0.0],
    "axis": [0.0, -1.0, -0.0],
    "lower_limit_rad": 0.0,
    "upper_limit_rad": 1.5079644737231006,
    "upper_limit_deg": 86.4
  },
  "handle": {
    "coordinate_frame": "position_on_door+rotation_axis: F_hinge (origin=hinge_joint, axes=F_world); bounding_box+grasp_point: F_handle (origin=handle_joint, axes=F_world)",
    "type": "round",
    "mesh_scale": 1.4108976059983194,
    "position_on_door": [0.6880825784947107, -0.9868587725623967, -0.00383607947043606],
    "rotation_axis": [0.0, 0.0, -1.0],
    "lower_limit_rad": 0.0,
    "upper_limit_rad": 1.5079644737231006,
    "upper_limit_deg": 86.4,
    "width_m": 0.065261,
    "height_m": 0.065261,
    "depth_m": 0.077519,
    "bounding_box": {
      "min": [-0.033042389489222446, -0.03262754866153992, 0.00012841582943404724],
      "max": [0.03221868969741241, 0.03263354103710126, 0.07764730925836798]
    },
    "grasp_point": [-0.000411849895905019, 0.05299683703641329, -0.0]
  }
}