{
  "asset_id": "99660099960019",
  "body_id": "9966009",
  "handle_id": "9960019",
  "door_type": "LeverDoor",
  "open_direction": "right-pull",
  "coordinate_frame": "F_world: x=right, y=up, z=out-of-door",
  "door_body": {
    "mesh_scale": 0.8707544097280933,
    "width_m": 1.32703,
    "height_m": 1.857842,
    "depth_m": 0.088469,
    "bounding_box": {
      "min": [-0.4886047499875244, -0.9270166197847935, -0.07182725882275438],
      "max": [0.8384249544006784, 0.9308249663586905, 0.016641388136459146]
    }
  },
  "hinge": {
    "coordinate_frame": "F_world: origin=door_center, x=right, y=up, z=out-of-door",
    "position": [-0.4443706796187469, 0.8865905585088676, -0.0],
    "axis": [0.0, -1.0, -0.0],
    "lower_limit_rad": 0.0,
    "upper_limit_rad": 1.5079644737231006,
    "upper_limit_deg": 86.4
  },
  "handle": {
    "coordinate_frame": "position_on_door+rotation_axis: F_hinge (origin=hinge_joint, axes=F_world); bounding_box+grasp_point: F_handle (origin=handle_joint, axes=F_world)",
    "type": "lever",
    "mesh_scale": 1.0,
    "position_on_door": [0.0, 0.0, -0.0],
    "rotation_axis": [0.0, 0.0, -1.0],
    "lower_limit_rad": 0.0,
    "upper_limit_rad": 1.5079644737231006,
    "upper_limit_deg": 86.4,
    "width_m": 0.147756,
    "height_m": 0.058258,
    "depth_m": 0.069873,
    "bounding_box": {
      "min": [-0.11845689801362708, -0.02919636745367341, 0.0007193902203095516],
      "max": [0.029298712514166388, 0.029061633646284387, 0.07059259275032603]
    },
    "grasp_point": [-0.05922844712387303, 0.05488113386808179, -0.005825800005737509]
  },
  "lock": {
    "bounding_box": {
      "min": [-0.02895929316933328, -0.14565492923392054, 0.0007194160069777692],
      "max": [0.029298708898308462, -0.0873969271662782, 0.015283919552642768]
    }
  }
}