{
  "asset_id": "99655059960012",
  "body_id": "9965505",
  "handle_id": "9960012",
  "door_type": "LeverDoor",
  "open_direction": "right-pull",
  "coordinate_frame": "F_world: x=right, y=up, z=out-of-door",
  "door_body": {
    "mesh_scale": 0.8451707524735211,
    "width_m": 1.760322,
    "height_m": 1.846191,
    "depth_m": 0.128804,
    "bounding_box": {
      "min": [-0.8816829485391132, -0.9254832300905734, -0.06411599925043521],
      "max": [0.8786386734389086, 0.9207078276096625, 0.06468810256953837]
    }
  },
  "hinge": {
    "coordinate_frame": "F_world: origin=door_center, x=right, y=up, z=out-of-door",
    "position": [-0.45233621147130304, 0.8777509567953425, -0.0],
    "axis": [0.0, -1.0, -0.0],
    "lower_limit_rad": 0.0,
    "upper_limit_rad": 1.5079644737231006,
    "upper_limit_deg": 86.4
  },
  "handle": {
    "coordinate_frame": "position_on_door+rotation_axis: F_hinge (origin=hinge_joint, axes=F_world); bounding_box+grasp_point: F_handle (origin=handle_joint, axes=F_world)",
    "type": "lever",
    "mesh_scale": 1.0825939045580983,
    "position_on_door": [0.8216281478424015, -0.7932341868859158, -0.0033823308237437],
    "rotation_axis": [0.0, 0.0, -1.0],
    "lower_limit_rad": 0.0,
    "upper_limit_rad": 1.5079644737231006,
    "upper_limit_deg": 86.4,
    "width_m": 0.153343,
    "height_m": 0.0545,
    "depth_m": 0.066644,
    "bounding_box": {
      "min": [-0.12649099224029708, -0.027329261488241472, 6.479324683570724e-06],
      "max": [0.026852420523993715, 0.02717085795242915, 0.06665040331976849]
    },
    "grasp_point": [-0.06324549750289918, 0.057145507517695995, 0.0010825939559785495]
  }
}