{
  "asset_id": "99690189969512",
  "body_id": "9969018",
  "handle_id": "9969512",
  "door_type": "Window",
  "open_direction": "window",
  "coordinate_frame": "F_world: x=right, y=up, z=out-of-door",
  "door_body": {
    "mesh_scale": 1.0,
    "width_m": 1.071127,
    "height_m": 0.827689,
    "depth_m": 0.110764,
    "bounding_box": {
      "min": [-0.29712118208408356, -0.4184643393130002, -0.09536519371253271],
      "max": [0.7740058153867722, 0.4092246605215529, 0.015398801073470372]
    }
  },
  "hinge": {
    "coordinate_frame": "F_world: origin=door_center, x=right, y=up, z=out-of-door",
    "position": [-0.23565320670604706, 0.34836465252022536, -0.0],
    "axis": [0.0, -1.0, -0.0],
    "lower_limit_rad": 0.0,
    "upper_limit_rad": 1.5079644737231006,
    "upper_limit_deg": 86.4
  },
  "handle": {
    "coordinate_frame": "position_on_door+rotation_axis: F_hinge (origin=hinge_joint, axes=F_world); bounding_box+grasp_point: F_handle (origin=handle_joint, axes=F_world)",
    "type": "window",
    "mesh_scale": 0.9288202000856299,
    "position_on_door": [0.44409596992656586, -0.34836465252022536, -0.00917094583565014],
    "rotation_axis": [0.0, 0.0, -1.0],
    "lower_limit_rad": 0.0,
    "upper_limit_rad": 1.5079644737231006,
    "upper_limit_deg": 86.4,
    "width_m": 0.012983,
    "height_m": 0.15,
    "depth_m": 0.04546,
    "bounding_box": {
      "min": [-0.006407470430259029, -0.02399435611042081, 0.00018690151683825528],
      "max": [0.00657579136464683, 0.12600564388957916, 0.04564669572467477]
    },
    "grasp_point": [8.416046878859328e-05, 0.04149320166346155, -0.06958204562626925]
  }
}