{
  "asset_id": "99690139969528",
  "body_id": "9969013",
  "handle_id": "9969528",
  "door_type": "Window",
  "open_direction": "window",
  "coordinate_frame": "F_world: x=right, y=up, z=out-of-door",
  "door_body": {
    "mesh_scale": 1.0,
    "width_m": 0.649288,
    "height_m": 1.208895,
    "depth_m": 0.015481,
    "bounding_box": {
      "min": [-0.324666816459689, -0.6056669496924145, 0.028971835286962344],
      "max": [0.3246207014308311, 0.6032280899666915, 0.044453212081602134]
    }
  },
  "hinge": {
    "coordinate_frame": "F_world: origin=door_center, x=right, y=up, z=out-of-door",
    "position": [-0.30546158315543975, 0.5833843402065071, -0.0],
    "axis": [0.0, -1.0, -0.0],
    "lower_limit_rad": 0.0,
    "upper_limit_rad": 1.5079644737231006,
    "upper_limit_deg": 86.4
  },
  "handle": {
    "coordinate_frame": "position_on_door+rotation_axis: F_hinge (origin=hinge_joint, axes=F_world); bounding_box+grasp_point: F_handle (origin=handle_joint, axes=F_world)",
    "type": "window",
    "mesh_scale": 1.0,
    "position_on_door": [0.0, 0.0, -0.0],
    "rotation_axis": [0.0, 0.0, -1.0],
    "lower_limit_rad": 0.0,
    "upper_limit_rad": 1.5079644737231006,
    "upper_limit_deg": 86.4,
    "width_m": 0.012575,
    "height_m": 0.15,
    "depth_m": 0.017964,
    "bounding_box": {
      "min": [-0.006079267993490563, -0.007569803304331803, 0.004875819802021241],
      "max": [0.006495608899785989, 0.1424301966956682, 0.022839888528458866]
    },
    "grasp_point": [0.00020817045071490765, 0.017508154334473083, -0.07290564585818478]
  },
  "lock": {
    "bounding_box": {
      "min": [-0.013264895486236985, -0.014755520561680105, 0.0003847905135788478],
      "max": [0.0136812384136789, 0.16488527959478078, 0.004875810682085464]
    }
  }
}