{
  "asset_id": "99670169968015",
  "body_id": "9967016",
  "handle_id": "9968015",
  "door_type": "Car",
  "open_direction": "car",
  "coordinate_frame": "F_world: x=right, y=up, z=out-of-door",
  "door_body": {
    "mesh_scale": 1.0,
    "width_m": 4.0,
    "height_m": 1.885058,
    "depth_m": 1.812548,
    "bounding_box": {
      "min": [-2.236356691490303, -0.8524009741581847, -1.7698087108603233],
      "max": [1.7636433085096974, 1.0326570250271137, 0.042739475117778494]
    }
  },
  "hinge": {
    "coordinate_frame": "F_world: origin=door_center, x=right, y=up, z=out-of-door",
    "position": [-1.0158956618197454, 0.4934690045084628, -0.0],
    "axis": [0.0, -1.0, -0.0],
    "lower_limit_rad": 0.0,
    "upper_limit_rad": 1.5079644737231006,
    "upper_limit_deg": 86.4
  },
  "handle": {
    "coordinate_frame": "position_on_door+rotation_axis: F_hinge (origin=hinge_joint, axes=F_world); bounding_box+grasp_point: F_handle (origin=handle_joint, axes=F_world)",
    "type": "car",
    "mesh_scale": 1.0,
    "position_on_door": [1.0058956618197454, -0.4934690045084628, -0.005],
    "rotation_axis": [0.0, 0.0, -1.0],
    "lower_limit_rad": 0.0,
    "upper_limit_rad": 0.0,
    "upper_limit_deg": 0.0,
    "width_m": 0.2,
    "height_m": 0.053713,
    "depth_m": 0.033936,
    "bounding_box": {
      "min": [-0.03271121323044811, -0.025771494701355695, -0.0002276024755690567],
      "max": [0.1672887867695519, 0.027941906311247443, 0.03370810223652165]
    },
    "grasp_point": [0.10141883796302568, 0.016685353269625978, -0.0]
  }
}