{
  "asset_id": "99611279961229",
  "body_id": "9961127",
  "handle_id": "9961229",
  "door_type": "Safe",
  "open_direction": "right-pull",
  "coordinate_frame": "F_world: x=right, y=up, z=out-of-door",
  "door_body": {
    "mesh_scale": 0.25,
    "width_m": 0.541339,
    "height_m": 0.593012,
    "depth_m": 0.541339,
    "bounding_box": {
      "min": [-0.2706240117549896, -0.23071439564228058, -0.5237508668204924],
      "max": [0.27071453543511836, 0.3622974215896697, 0.017587680369615555]
    }
  },
  "hinge": {
    "coordinate_frame": "F_world: origin=door_center, x=right, y=up, z=out-of-door",
    "position": [-0.24938794880209883, 0.0, -0.0],
    "axis": [0.0, -1.0, -0.0],
    "lower_limit_rad": 0.0,
    "upper_limit_rad": 1.5079644737231006,
    "upper_limit_deg": 86.4
  },
  "handle": {
    "coordinate_frame": "position_on_door+rotation_axis: F_hinge (origin=hinge_joint, axes=F_world); bounding_box+grasp_point: F_handle (origin=handle_joint, axes=F_world)",
    "type": "dial",
    "mesh_scale": 0.1,
    "position_on_door": [0.24938794880209883, 0.0, -0.02924961288422984],
    "rotation_axis": [0.0, 0.0, -1.0],
    "lower_limit_rad": 0.0,
    "upper_limit_rad": 1.5079644737231006,
    "upper_limit_deg": 86.4,
    "width_m": 0.1247,
    "height_m": 0.1247,
    "depth_m": 0.052783,
    "bounding_box": {
      "min": [-0.06235714935554242, -0.06242284489052352, -0.0033786886234610904],
      "max": [0.06234315279468688, 0.06227743426272525, 0.049404663086348326]
    },
    "grasp_point": [-6.998280150583014e-06, 0.018012987077236177, 7.270531496033073e-05]
  }
}