{
  "asset_id": "99613159962004",
  "body_id": "9961315",
  "handle_id": "9962004",
  "door_type": "Cabinet",
  "open_direction": "right-pull",
  "coordinate_frame": "F_world: x=right, y=up, z=out-of-door",
  "door_body": {
    "mesh_scale": 0.8,
    "width_m": 0.648137,
    "height_m": 1.242262,
    "depth_m": 0.949701,
    "bounding_box": {
      "min": [-0.5884997606277466, -0.7297735432928546, -0.875864262001732],
      "max": [0.05963702201843262, 0.512488933068655, 0.07383653253602596]
    }
  },
  "hinge": {
    "coordinate_frame": "F_world: origin=door_center, x=right, y=up, z=out-of-door",
    "position": [-0.5817484855651855, 0.2446824552565545, -0.0],
    "axis": [0.0, -1.0, -0.0],
    "lower_limit_rad": 0.0,
    "upper_limit_rad": 1.5079644737231006,
    "upper_limit_deg": 86.4
  },
  "handle": {
    "coordinate_frame": "position_on_door+rotation_axis: F_hinge (origin=hinge_joint, axes=F_world); bounding_box+grasp_point: F_handle (origin=handle_joint, axes=F_world)",
    "type": "round",
    "mesh_scale": 1.4094919557734131,
    "position_on_door": [0.5817484855651855, -0.2446824552565545, -0.013439838454067838],
    "rotation_axis": [0.0, 0.0, -1.0],
    "lower_limit_rad": 0.0,
    "upper_limit_rad": 1.5079644737231006,
    "upper_limit_deg": 86.4,
    "width_m": 0.065196,
    "height_m": 0.065196,
    "depth_m": 0.077442,
    "bounding_box": {
      "min": [-0.033009469990302395, -0.032595042460580155, 0.00012828789120610066],
      "max": [0.032186590834796996, 0.03260102886605265, 0.07756995073337059]
    },
    "grasp_point": [-0.0004114395777526986, 0.0529440373041132, -0.0]
  }
}