{
  "asset_id": "99614109960021",
  "body_id": "9961410",
  "handle_id": "9960021",
  "door_type": "Fridge",
  "open_direction": "fridge",
  "coordinate_frame": "F_world: x=right, y=up, z=out-of-door",
  "door_body": {
    "mesh_scale": 0.7,
    "width_m": 0.640157,
    "height_m": 1.38684,
    "depth_m": 0.533493,
    "bounding_box": {
      "min": [-0.5808441560842311, -0.9152157068252563, -0.5499184115383287],
      "max": [0.059313330799341195, 0.47162427641451354, -0.016425424441695213]
    }
  },
  "hinge": {
    "coordinate_frame": "F_world: origin=door_center, x=right, y=up, z=out-of-door",
    "position": [-0.5808480308151842, 0.47162427641451354, -0.0],
    "axis": [0.0, -1.0, -0.0],
    "lower_limit_rad": 0.0,
    "upper_limit_rad": 1.5079644737231006,
    "upper_limit_deg": 86.4
  },
  "handle": {
    "coordinate_frame": "position_on_door+rotation_axis: F_hinge (origin=hinge_joint, axes=F_world); bounding_box+grasp_point: F_handle (origin=handle_joint, axes=F_world)",
    "type": "lever",
    "mesh_scale": 1.0,
    "position_on_door": [0.5808480308151842, -0.47162427641451354, -0.02010948246323778],
    "rotation_axis": [0.0, 0.0, -1.0],
    "lower_limit_rad": 0.0,
    "upper_limit_rad": 1.5079644737231006,
    "upper_limit_deg": 86.4,
    "width_m": 0.128579,
    "height_m": 0.06985,
    "depth_m": 0.046301,
    "bounding_box": {
      "min": [-0.0936540328151809, -0.03492499652467781, 3.0279117477216566e-09],
      "max": [0.03492499957792437, 0.03492500263117181, 0.04630140238848225]
    },
    "grasp_point": [-0.04682701826095581, 0.043150704354047775, 0.0]
  }
}