{
  "asset_id": "99613199962014",
  "body_id": "9961319",
  "handle_id": "9962014",
  "door_type": "Cabinet",
  "open_direction": "right-pull",
  "coordinate_frame": "F_world: x=right, y=up, z=out-of-door",
  "door_body": {
    "mesh_scale": 0.8,
    "width_m": 1.424719,
    "height_m": 0.593633,
    "depth_m": 0.593633,
    "bounding_box": {
      "min": [-1.338750457763672, -0.3072172727137695, -0.6104634502149203],
      "max": [0.0859687328338623, 0.28641552295364175, -0.016830612717321492]
    }
  },
  "hinge": {
    "coordinate_frame": "F_world: origin=door_center, x=right, y=up, z=out-of-door",
    "position": [-1.2991873741149904, 0.24684512019547472, -0.0],
    "axis": [0.0, -1.0, -0.0],
    "lower_limit_rad": 0.0,
    "upper_limit_rad": 1.5079644737231006,
    "upper_limit_deg": 86.4
  },
  "handle": {
    "coordinate_frame": "position_on_door+rotation_axis: F_hinge (origin=hinge_joint, axes=F_world); bounding_box+grasp_point: F_handle (origin=handle_joint, axes=F_world)",
    "type": "round",
    "mesh_scale": 1.0253492902151484,
    "position_on_door": [1.2991873741149904, -0.24684512019547472, -0.015103076422149279],
    "rotation_axis": [0.0, 0.0, -1.0],
    "lower_limit_rad": 0.0,
    "upper_limit_rad": 1.5079644737231006,
    "upper_limit_deg": 86.4,
    "width_m": 0.06511,
    "height_m": 0.056387,
    "depth_m": 0.061854,
    "bounding_box": {
      "min": [-0.03270307823069103, -0.02828999242846909, 0.00019962032528558923],
      "max": [0.0324066009111078, 0.02809660328628308, 0.06205382226202737]
    },
    "grasp_point": [-0.00014823865983942577, 0.04650695882730508, -0.0]
  }
}