{
  "asset_id": "99611799961222",
  "body_id": "9961179",
  "handle_id": "9961222",
  "door_type": "Safe",
  "open_direction": "right-pull",
  "coordinate_frame": "F_world: x=right, y=up, z=out-of-door",
  "door_body": {
    "mesh_scale": 0.6,
    "width_m": 0.356417,
    "height_m": 1.069253,
    "depth_m": 0.20494,
    "bounding_box": {
      "min": [-0.1772355481982231, -0.5378453969280271, -0.19411603052050394],
      "max": [0.17918185740709305, 0.5314080155324402, 0.010824215785202448]
    }
  },
  "hinge": {
    "coordinate_frame": "F_world: origin=door_center, x=right, y=up, z=out-of-door",
    "position": [-0.14249986292997802, 0.0, -0.0],
    "axis": [0.0, -1.0, -0.0],
    "lower_limit_rad": 0.0,
    "upper_limit_rad": 1.5079644737231006,
    "upper_limit_deg": 86.4
  },
  "handle": {
    "coordinate_frame": "position_on_door+rotation_axis: F_hinge (origin=hinge_joint, axes=F_world); bounding_box+grasp_point: F_handle (origin=handle_joint, axes=F_world)",
    "type": "dial",
    "mesh_scale": 0.5,
    "position_on_door": [0.14249986292997802, 0.0, -0.023468612441443645],
    "rotation_axis": [0.0, 0.0, -1.0],
    "lower_limit_rad": 0.0,
    "upper_limit_rad": 1.5079644737231006,
    "upper_limit_deg": 86.4,
    "width_m": 0.138763,
    "height_m": 0.137624,
    "depth_m": 0.048337,
    "bounding_box": {
      "min": [-0.07005961513479964, -0.06901384605886829, 0.0006470455464437919],
      "max": [0.06870382700913069, 0.06861011013442031, 0.048984198901649734]
    },
    "grasp_point": [-0.0006778940442018211, 0.02981562167406082, -0.004798131994903088]
  }
}