{
  "asset_id": "99655049962027",
  "body_id": "9965504",
  "handle_id": "9962027",
  "door_type": "RoundDoor",
  "open_direction": "right-pull",
  "coordinate_frame": "F_world: x=right, y=up, z=out-of-door",
  "door_body": {
    "mesh_scale": 0.8802894077586286,
    "width_m": 0.827296,
    "height_m": 1.867006,
    "depth_m": 0.111797,
    "bounding_box": {
      "min": [-0.413824672618333, -0.9296543247436536, -0.05666440836078193],
      "max": [0.4134713125687838, 0.937351457608495, 0.05513241739804364]
    }
  },
  "hinge": {
    "coordinate_frame": "F_world: origin=door_center, x=right, y=up, z=out-of-door",
    "position": [-0.33558549100747426, 0.859093474322051, -0.0],
    "axis": [0.0, -1.0, -0.0],
    "lower_limit_rad": 0.0,
    "upper_limit_rad": 1.5079644737231006,
    "upper_limit_deg": 86.4
  },
  "handle": {
    "coordinate_frame": "position_on_door+rotation_axis: F_hinge (origin=hinge_joint, axes=F_world); bounding_box+grasp_point: F_handle (origin=handle_joint, axes=F_world)",
    "type": "round",
    "mesh_scale": 2.1415471226502594,
    "position_on_door": [0.5907988588486566, -0.9887477990657045, -0.01652406992425095],
    "rotation_axis": [0.0, 0.0, -1.0],
    "lower_limit_rad": 0.0,
    "upper_limit_rad": 1.5079644737231006,
    "upper_limit_deg": 86.4,
    "width_m": 0.067994,
    "height_m": 0.067994,
    "depth_m": 0.067994,
    "bounding_box": {
      "min": [-0.033979077556536404, -0.033934309983777, -3.636166786056313e-09],
      "max": [0.034015046008099514, 0.03405981385103865, 0.06799414585484556]
    },
    "grasp_point": [1.798422648615807e-05, 0.05541254038277942, -0.0]
  }
}