{
  "asset_id": "99611519961206",
  "body_id": "9961151",
  "handle_id": "9961206",
  "door_type": "Safe",
  "open_direction": "right-pull",
  "coordinate_frame": "F_world: x=right, y=up, z=out-of-door",
  "door_body": {
    "mesh_scale": 0.6,
    "width_m": 0.680844,
    "height_m": 0.778107,
    "depth_m": 0.690571,
    "bounding_box": {
      "min": [-0.34017814658582207, -0.38138643664955496, -0.6636090101304056],
      "max": [0.3406658861786127, 0.3967206260709446, 0.026961622231162694]
    }
  },
  "hinge": {
    "coordinate_frame": "F_world: origin=door_center, x=right, y=up, z=out-of-door",
    "position": [-0.2818197336047888, 0.0, -0.0],
    "axis": [0.0, -1.0, -0.0],
    "lower_limit_rad": 0.0,
    "upper_limit_rad": 1.5079644737231006,
    "upper_limit_deg": 86.4
  },
  "handle": {
    "coordinate_frame": "position_on_door+rotation_axis: F_hinge (origin=hinge_joint, axes=F_world); bounding_box+grasp_point: F_handle (origin=handle_joint, axes=F_world)",
    "type": "dial",
    "mesh_scale": 0.5,
    "position_on_door": [0.2818197336047888, 0.0, -0.02001106489809923],
    "rotation_axis": [0.0, 0.0, -1.0],
    "lower_limit_rad": 0.0,
    "upper_limit_rad": 1.5079644737231006,
    "upper_limit_deg": 86.4,
    "width_m": 0.15024,
    "height_m": 0.150795,
    "depth_m": 0.067125,
    "bounding_box": {
      "min": [-0.060255146281104836, -0.06967394345467298, 5.041725985228604e-05],
      "max": [0.0899846140543453, 0.08112066682491131, 0.0671758987654248]
    },
    "grasp_point": [-0.0021352660842239857, 0.03861315920948982, -0.003723361762240529]
  }
}