{
  "asset_id": "99611649961234",
  "body_id": "9961164",
  "handle_id": "9961234",
  "door_type": "Safe",
  "open_direction": "right-pull",
  "coordinate_frame": "F_world: x=right, y=up, z=out-of-door",
  "door_body": {
    "mesh_scale": 0.6,
    "width_m": 0.711653,
    "height_m": 0.711653,
    "depth_m": 0.711653,
    "bounding_box": {
      "min": [-0.35722627267241475, -0.35400280998207917, -0.6797891648610607],
      "max": [0.35442711487412454, 0.3576506312927973, 0.03186427641381575]
    }
  },
  "hinge": {
    "coordinate_frame": "F_world: origin=door_center, x=right, y=up, z=out-of-door",
    "position": [-0.24890603944659231, 0.0, -0.0],
    "axis": [0.0, -1.0, -0.0],
    "lower_limit_rad": 0.0,
    "upper_limit_rad": 1.5079644737231006,
    "upper_limit_deg": 86.4
  },
  "handle": {
    "coordinate_frame": "position_on_door+rotation_axis: F_hinge (origin=hinge_joint, axes=F_world); bounding_box+grasp_point: F_handle (origin=handle_joint, axes=F_world)",
    "type": "dial",
    "mesh_scale": 0.008,
    "position_on_door": [0.24890603944659231, 0.0, -0.009006066419960157],
    "rotation_axis": [0.0, 0.0, -1.0],
    "lower_limit_rad": 0.0,
    "upper_limit_rad": 1.5079644737231006,
    "upper_limit_deg": 86.4,
    "width_m": 0.16664,
    "height_m": 0.166673,
    "depth_m": 0.057178,
    "bounding_box": {
      "min": [-0.08145642714951534, -0.08463308273832416, 0.00026976513841015046],
      "max": [0.0851831564405141, 0.0820403343943752, 0.05744824920808421]
    },
    "grasp_point": [0.0018633646965026856, 0.02893900680541992, 0.0012963742017745971]
  }
}