{
  "asset_id": "99688979960035",
  "body_id": "9968897",
  "handle_id": "9960035",
  "door_type": "LeverDoor",
  "open_direction": "right-pull",
  "coordinate_frame": "F_world: x=right, y=up, z=out-of-door",
  "door_body": {
    "mesh_scale": 1.0123574586047206,
    "width_m": 0.782906,
    "height_m": 1.777558,
    "depth_m": 0.092918,
    "bounding_box": {
      "min": [-0.38517771431925024, -0.8962857165665931, -0.04689549930452611],
      "max": [0.39772790087838017, 0.8812722284028768, 0.04602284473692349]
    }
  },
  "hinge": {
    "coordinate_frame": "F_world: origin=door_center, x=right, y=up, z=out-of-door",
    "position": [-0.3356916493349545, 0.8290365956526156, -0.0],
    "axis": [0.0, -1.0, -0.0],
    "lower_limit_rad": 0.0,
    "upper_limit_rad": 1.5079644737231006,
    "upper_limit_deg": 86.4
  },
  "handle": {
    "coordinate_frame": "position_on_door+rotation_axis: F_hinge (origin=hinge_joint, axes=F_world); bounding_box+grasp_point: F_handle (origin=handle_joint, axes=F_world)",
    "type": "lever",
    "mesh_scale": 1.0,
    "position_on_door": [0.0, 0.0, -0.0],
    "rotation_axis": [0.0, 0.0, -1.0],
    "lower_limit_rad": 0.0,
    "upper_limit_rad": 1.5079644737231006,
    "upper_limit_deg": 86.4,
    "width_m": 0.158422,
    "height_m": 0.057608,
    "depth_m": 0.066825,
    "bounding_box": {
      "min": [-0.12961519738559826, -0.02886107393014756, 5.211443923913048e-05],
      "max": [0.0288066735850369, 0.028746879882379048, 0.06687737240031855]
    },
    "grasp_point": [-0.0648075993015698, 0.05881224420961318, -0.0]
  },
  "lock": {
    "bounding_box": {
      "min": [-0.028801280520475474, -0.10375142120577409, 5.210789211544482e-05],
      "max": [0.02880667358503612, -0.04614344997567685, 0.026551774154900506]
    }
  }
}