{
  "asset_id": "99650089962024",
  "body_id": "9965008",
  "handle_id": "9962024",
  "door_type": "RoundDoor",
  "open_direction": "right-pull",
  "coordinate_frame": "F_world: x=right, y=up, z=out-of-door",
  "door_body": {
    "mesh_scale": 0.7385647294113814,
    "width_m": 0.738565,
    "height_m": 1.846412,
    "depth_m": 0.184641,
    "bounding_box": {
      "min": [-0.3687482609045309, -0.9242982709015004, -0.12421978407358364],
      "max": [0.3698164652159543, 0.9221136159616934, 0.060421397456537664]
    }
  },
  "hinge": {
    "coordinate_frame": "F_world: origin=door_center, x=right, y=up, z=out-of-door",
    "position": [-0.2948917882924568, 0.8479565114682159, -0.0],
    "axis": [0.0, -1.0, -0.0],
    "lower_limit_rad": 0.0,
    "upper_limit_rad": 1.5079644737231006,
    "upper_limit_deg": 86.4
  },
  "handle": {
    "coordinate_frame": "position_on_door+rotation_axis: F_hinge (origin=hinge_joint, axes=F_world); bounding_box+grasp_point: F_handle (origin=handle_joint, axes=F_world)",
    "type": "round",
    "mesh_scale": 1.4908545696326903,
    "position_on_door": [0.5108517093344074, -0.9722547823697163, -0.028206380412217683],
    "rotation_axis": [0.0, 0.0, -1.0],
    "lower_limit_rad": 0.0,
    "upper_limit_rad": 1.5079644737231006,
    "upper_limit_deg": 86.4,
    "width_m": 0.065415,
    "height_m": 0.065416,
    "depth_m": 0.097377,
    "bounding_box": {
      "min": [-0.03336314011243512, -0.0324988098405098, -0.0015036626122019482],
      "max": [0.03205166365586575, 0.032916912861995155, 0.09587290318131395]
    },
    "grasp_point": [-0.0006557382408709315, 0.06209316676024465, -0.0]
  }
}