{
  "asset_id": "99611799961224",
  "body_id": "9961179",
  "handle_id": "9961224",
  "door_type": "Safe",
  "open_direction": "right-pull",
  "coordinate_frame": "F_world: x=right, y=up, z=out-of-door",
  "door_body": {
    "mesh_scale": 0.6,
    "width_m": 0.356417,
    "height_m": 1.069253,
    "depth_m": 0.20494,
    "bounding_box": {
      "min": [-0.1772355481982231, -0.5378453969280271, -0.19411603052050394],
      "max": [0.17918185740709305, 0.5314080155324402, 0.010824215785202448]
    }
  },
  "hinge": {
    "coordinate_frame": "F_world: origin=door_center, x=right, y=up, z=out-of-door",
    "position": [-0.14249986292997802, 0.0, -0.0],
    "axis": [0.0, -1.0, -0.0],
    "lower_limit_rad": 0.0,
    "upper_limit_rad": 1.5079644737231006,
    "upper_limit_deg": 86.4
  },
  "handle": {
    "coordinate_frame": "position_on_door+rotation_axis: F_hinge (origin=hinge_joint, axes=F_world); bounding_box+grasp_point: F_handle (origin=handle_joint, axes=F_world)",
    "type": "dial",
    "mesh_scale": 0.27,
    "position_on_door": [0.14249986292997802, 0.0, -0.023468612441443645],
    "rotation_axis": [0.0, 0.0, -1.0],
    "lower_limit_rad": 0.0,
    "upper_limit_rad": 1.5079644737231006,
    "upper_limit_deg": 86.4,
    "width_m": 0.102596,
    "height_m": 0.102584,
    "depth_m": 0.054064,
    "bounding_box": {
      "min": [-0.05159580957553873, -0.051388849404486014, 0.00018076437535294873],
      "max": [0.0510001279779314, 0.051194684283140265, 0.054244785916961316]
    },
    "grasp_point": [-0.00029784080805256963, 0.03531277567148209, 9.70825631520711e-05]
  }
}