{
  "asset_id": "99690179969507",
  "body_id": "9969017",
  "handle_id": "9969507",
  "door_type": "Window",
  "open_direction": "window",
  "coordinate_frame": "F_world: x=right, y=up, z=out-of-door",
  "door_body": {
    "mesh_scale": 1.0,
    "width_m": 1.070272,
    "height_m": 1.184944,
    "depth_m": 0.114672,
    "bounding_box": {
      "min": [-0.7972875833511353, -0.8757110664113285, -0.09882978046629597],
      "max": [0.2729843854904175, 0.3092329520270478, 0.01584226946755051]
    }
  },
  "hinge": {
    "coordinate_frame": "F_world: origin=door_center, x=right, y=up, z=out-of-door",
    "position": [-0.250684404745698, 0.27490269327414435, -0.0],
    "axis": [0.0, -1.0, -0.0],
    "lower_limit_rad": 0.0,
    "upper_limit_rad": 1.5079644737231006,
    "upper_limit_deg": 86.4
  },
  "handle": {
    "coordinate_frame": "position_on_door+rotation_axis: F_hinge (origin=hinge_joint, axes=F_world); bounding_box+grasp_point: F_handle (origin=handle_joint, axes=F_world)",
    "type": "window",
    "mesh_scale": 1.0,
    "position_on_door": [0.0, 0.0, -0.0],
    "rotation_axis": [0.0, 0.0, -1.0],
    "lower_limit_rad": 0.0,
    "upper_limit_rad": 1.5079644737231006,
    "upper_limit_deg": 86.4,
    "width_m": 0.014922,
    "height_m": 0.15,
    "depth_m": 0.025069,
    "bounding_box": {
      "min": [-0.007450854834561407, -0.01224843623001929, 0.008411142518969688],
      "max": [0.007471195678691115, 0.13775156376998068, 0.033480161421608735]
    },
    "grasp_point": [1.0170421734552836e-05, 0.02810822888445358, -0.06275156538451691]
  },
  "lock": {
    "bounding_box": {
      "min": [-0.014911862921876042, -0.03538355547719544, 5.4799933985520504e-05],
      "max": [0.014932210313718362, 0.03624221747500901, 0.009604908344812695]
    }
  }
}