{
  "asset_id": "99611289961230",
  "body_id": "9961128",
  "handle_id": "9961230",
  "door_type": "Safe",
  "open_direction": "right-pull",
  "coordinate_frame": "F_world: x=right, y=up, z=out-of-door",
  "door_body": {
    "mesh_scale": 0.7,
    "width_m": 0.826772,
    "height_m": 1.05315,
    "depth_m": 0.492126,
    "bounding_box": {
      "min": [-0.24464107791740575, -0.5723087191581726, -0.45061203241358705],
      "max": [0.5821307135705035, 0.48084080596490963, 0.04151403520495184]
    }
  },
  "hinge": {
    "coordinate_frame": "F_world: origin=door_center, x=right, y=up, z=out-of-door",
    "position": [-0.1717696198688759, 0.0, -0.0],
    "axis": [0.0, -1.0, -0.0],
    "lower_limit_rad": 0.0,
    "upper_limit_rad": 1.5079644737231006,
    "upper_limit_deg": 86.4
  },
  "handle": {
    "coordinate_frame": "position_on_door+rotation_axis: F_hinge (origin=hinge_joint, axes=F_world); bounding_box+grasp_point: F_handle (origin=handle_joint, axes=F_world)",
    "type": "dial",
    "mesh_scale": 0.7,
    "position_on_door": [0.1717696198688759, 0.0, -0.06689262461118121],
    "rotation_axis": [0.0, 0.0, -1.0],
    "lower_limit_rad": 0.0,
    "upper_limit_rad": 1.5079644737231006,
    "upper_limit_deg": 86.4,
    "width_m": 0.169172,
    "height_m": 0.184402,
    "depth_m": 0.067794,
    "bounding_box": {
      "min": [-0.06592412240561182, -0.09527865186469239, -1.3839145351565719e-08],
      "max": [0.1032483503038182, 0.08912306704876448, 0.06779403307377428]
    },
    "grasp_point": [0.0006621139298658819, 0.006897009629756212, 0.003077792306430638]
  }
}