{
  "asset_id": "99650069960003",
  "body_id": "9965006",
  "handle_id": "9960003",
  "door_type": "LeverDoor",
  "open_direction": "right-pull",
  "coordinate_frame": "F_world: x=right, y=up, z=out-of-door",
  "door_body": {
    "mesh_scale": 0.8200447754284704,
    "width_m": 0.812336,
    "height_m": 1.780891,
    "depth_m": 0.124975,
    "bounding_box": {
      "min": [-0.40630576997447415, -0.8861486149943893, -0.06362458074834397],
      "max": [0.40603058021055355, 0.8947426022812042, 0.061350277024985835]
    }
  },
  "hinge": {
    "coordinate_frame": "F_world: origin=door_center, x=right, y=up, z=out-of-door",
    "position": [-0.3750620634977645, 0.8634989761718179, -0.0],
    "axis": [0.0, -1.0, -0.0],
    "lower_limit_rad": 0.0,
    "upper_limit_rad": 1.5079644737231006,
    "upper_limit_deg": 86.4
  },
  "handle": {
    "coordinate_frame": "position_on_door+rotation_axis: F_hinge (origin=hinge_joint, axes=F_world); bounding_box+grasp_point: F_handle (origin=handle_joint, axes=F_world)",
    "type": "lever",
    "mesh_scale": 1.0294772528582206,
    "position_on_door": [0.6698489351830481, -0.9444402274483152, -0.04279544730454047],
    "rotation_axis": [0.0, 0.0, -1.0],
    "lower_limit_rad": 0.0,
    "upper_limit_rad": 1.5079644737231006,
    "upper_limit_deg": 86.4,
    "width_m": 0.147215,
    "height_m": 0.065887,
    "depth_m": 0.057651,
    "bounding_box": {
      "min": [-0.115277645098993, -0.03529197353187576, -0.006543601771392827],
      "max": [0.03193752384856738, 0.0305945696093522, 0.0511071149049626]
    },
    "grasp_point": [-0.05763882378411108, 0.04287130093914766, -0.0]
  }
}