{
  "asset_id": "99670179968007",
  "body_id": "9967017",
  "handle_id": "9968007",
  "door_type": "Car",
  "open_direction": "car",
  "coordinate_frame": "F_world: x=right, y=up, z=out-of-door",
  "door_body": {
    "mesh_scale": 1.0,
    "width_m": 4.0,
    "height_m": 1.885058,
    "depth_m": 1.812548,
    "bounding_box": {
      "min": [-2.227512132760341, -0.8512718304890738, -1.7693703309231281],
      "max": [1.7724878672396593, 1.0337861686962246, 0.04317785505497384]
    }
  },
  "hinge": {
    "coordinate_frame": "F_world: origin=door_center, x=right, y=up, z=out-of-door",
    "position": [-1.0037599716950236, 0.49459814817757375, -0.0],
    "axis": [0.0, -1.0, -0.0],
    "lower_limit_rad": 0.0,
    "upper_limit_rad": 1.5079644737231006,
    "upper_limit_deg": 86.4
  },
  "handle": {
    "coordinate_frame": "position_on_door+rotation_axis: F_hinge (origin=hinge_joint, axes=F_world); bounding_box+grasp_point: F_handle (origin=handle_joint, axes=F_world)",
    "type": "car",
    "mesh_scale": 1.0,
    "position_on_door": [0.9937599716950236, -0.49459814817757375, -0.005],
    "rotation_axis": [0.0, 0.0, -1.0],
    "lower_limit_rad": 0.0,
    "upper_limit_rad": 0.0,
    "upper_limit_deg": 0.0,
    "width_m": 0.2,
    "height_m": 0.032476,
    "depth_m": 0.038903,
    "bounding_box": {
      "min": [-0.017152479002324028, -0.0156663806085504, 0.0027727834318454258],
      "max": [0.18284752099767598, 0.016809303225453445, 0.04167622225772796]
    },
    "grasp_point": [0.09142375929042457, 0.0222245033976056, -0.0]
  }
}