{
  "asset_id": "99690139969526",
  "body_id": "9969013",
  "handle_id": "9969526",
  "door_type": "Window",
  "open_direction": "window",
  "coordinate_frame": "F_world: x=right, y=up, z=out-of-door",
  "door_body": {
    "mesh_scale": 1.0,
    "width_m": 0.649288,
    "height_m": 1.208895,
    "depth_m": 0.015481,
    "bounding_box": {
      "min": [-0.324666816459689, -0.6056669496924145, 0.028971835286962344],
      "max": [0.3246207014308311, 0.6032280899666915, 0.044453212081602134]
    }
  },
  "hinge": {
    "coordinate_frame": "F_world: origin=door_center, x=right, y=up, z=out-of-door",
    "position": [-0.30546158315543975, 0.5833843402065071, -0.0],
    "axis": [0.0, -1.0, -0.0],
    "lower_limit_rad": 0.0,
    "upper_limit_rad": 1.5079644737231006,
    "upper_limit_deg": 86.4
  },
  "handle": {
    "coordinate_frame": "position_on_door+rotation_axis: F_hinge (origin=hinge_joint, axes=F_world); bounding_box+grasp_point: F_handle (origin=handle_joint, axes=F_world)",
    "type": "window",
    "mesh_scale": 1.0,
    "position_on_door": [0.0, 0.0, -0.0],
    "rotation_axis": [0.0, 0.0, -1.0],
    "lower_limit_rad": 0.0,
    "upper_limit_rad": 1.5079644737231006,
    "upper_limit_deg": 86.4,
    "width_m": 0.023633,
    "height_m": 0.15,
    "depth_m": 0.062251,
    "bounding_box": {
      "min": [-0.011816245168446704, -0.011814101310319972, 0.007005767356146568],
      "max": [0.011816269392535547, 0.13818589868968, 0.06925705330741806]
    },
    "grasp_point": [1.211204480081165e-08, 0.06300939225218977, -0.06770916734378897]
  },
  "lock": {
    "bounding_box": {
      "min": [-0.015409725177165542, -0.015409725152451106, -6.659046241710241e-10],
      "max": [0.015409725177165903, 0.01540972543728897, 0.06925705330741806]
    }
  }
}