{
  "asset_id": "99689039960045",
  "body_id": "9968903",
  "handle_id": "9960045",
  "door_type": "LeverDoor",
  "open_direction": "right-pull",
  "coordinate_frame": "F_world: x=right, y=up, z=out-of-door",
  "door_body": {
    "mesh_scale": 0.9713214957348445,
    "width_m": 0.76081,
    "height_m": 1.765102,
    "depth_m": 0.115563,
    "bounding_box": {
      "min": [-0.3820129832491, -0.8949688090656746, -0.0563667838004993],
      "max": [0.37879692979736385, 0.8701331267706842, 0.059196247062170956]
    }
  },
  "hinge": {
    "coordinate_frame": "F_world: origin=door_center, x=right, y=up, z=out-of-door",
    "position": [-0.3364220481052682, 0.8222139590333111, -0.0],
    "axis": [0.0, -1.0, -0.0],
    "lower_limit_rad": 0.0,
    "upper_limit_rad": 1.5079644737231006,
    "upper_limit_deg": 86.4
  },
  "handle": {
    "coordinate_frame": "position_on_door+rotation_axis: F_hinge (origin=hinge_joint, axes=F_world); bounding_box+grasp_point: F_handle (origin=handle_joint, axes=F_world)",
    "type": "lever",
    "mesh_scale": 1.4577458350744945,
    "position_on_door": [0.5913171952355616, -0.913874455380389, -0.015491619380466132],
    "rotation_axis": [0.0, 0.0, -1.0],
    "lower_limit_rad": 0.0,
    "upper_limit_rad": 1.5079644737231006,
    "upper_limit_deg": 86.4,
    "width_m": 0.163626,
    "height_m": 0.092567,
    "depth_m": 0.065614,
    "bounding_box": {
      "min": [-0.11734285900003678, -0.046283425854025145, -2.0231140993864993e-09],
      "max": [0.04628342970427098, 0.046283434657999736, 0.06561413283509722]
    },
    "grasp_point": [-0.05867142913165755, 0.05467325293185971, 0.0]
  }
}