{
  "asset_id": "99689669962024",
  "body_id": "9968966",
  "handle_id": "9962024",
  "door_type": "RoundDoor",
  "open_direction": "right-pull",
  "coordinate_frame": "F_world: x=right, y=up, z=out-of-door",
  "door_body": {
    "mesh_scale": 1.020146961782623,
    "width_m": 0.87805,
    "height_m": 1.852766,
    "depth_m": 0.120833,
    "bounding_box": {
      "min": [-0.4360689647246665, -0.9415803660610549, -0.06479568360511459],
      "max": [0.44198071839180375, 0.9111860687260964, 0.05603774471585619]
    }
  },
  "hinge": {
    "coordinate_frame": "F_world: origin=door_center, x=right, y=up, z=out-of-door",
    "position": [-0.3881414333142011, 0.8628535400203404, -0.0],
    "axis": [0.0, -1.0, -0.0],
    "lower_limit_rad": 0.0,
    "upper_limit_rad": 1.5079644737231006,
    "upper_limit_deg": 86.4
  },
  "handle": {
    "coordinate_frame": "position_on_door+rotation_axis: F_hinge (origin=hinge_joint, axes=F_world); bounding_box+grasp_point: F_handle (origin=handle_joint, axes=F_world)",
    "type": "round",
    "mesh_scale": 1.4603909988917312,
    "position_on_door": [0.708929619590293, -1.0085664895740603, -0.03725633295844653],
    "rotation_axis": [0.0, 0.0, -1.0],
    "lower_limit_rad": 0.0,
    "upper_limit_rad": 1.5079644737231006,
    "upper_limit_deg": 86.4,
    "width_m": 0.064078,
    "height_m": 0.064079,
    "depth_m": 0.095387,
    "bounding_box": {
      "min": [-0.03268141004992064, -0.031834741183016754, -0.0014729373266574065],
      "max": [0.03139673181809001, 0.03224430084203641, 0.09391387174545454]
    },
    "grasp_point": [-0.0006423391282443757, 0.06082437796175244, -0.0]
  }
}