{
  "asset_id": "99670019968001",
  "body_id": "9967001",
  "handle_id": "9968001",
  "door_type": "Car",
  "open_direction": "car",
  "coordinate_frame": "F_world: x=right, y=up, z=out-of-door",
  "door_body": {
    "mesh_scale": 1.0,
    "width_m": 4.0,
    "height_m": 1.26561,
    "depth_m": 1.574081,
    "bounding_box": {
      "min": [-2.004464414304939, -0.7512426812884553, -1.5121281051970465],
      "max": [1.9955355856950614, 0.5143669618897964, 0.061953319185583056]
    }
  },
  "hinge": {
    "coordinate_frame": "F_world: origin=door_center, x=right, y=up, z=out-of-door",
    "position": [-0.7513263684283074, 0.1976138462261485, -0.0],
    "axis": [0.0, -1.0, -0.0],
    "lower_limit_rad": 0.0,
    "upper_limit_rad": 1.5079644737231006,
    "upper_limit_deg": 86.4
  },
  "handle": {
    "coordinate_frame": "position_on_door+rotation_axis: F_hinge (origin=hinge_joint, axes=F_world); bounding_box+grasp_point: F_handle (origin=handle_joint, axes=F_world)",
    "type": "car",
    "mesh_scale": 1.0,
    "position_on_door": [0.7413263684283073, -0.1976138462261485, -0.005],
    "rotation_axis": [0.0, 0.0, -1.0],
    "lower_limit_rad": 0.0,
    "upper_limit_rad": 0.0,
    "upper_limit_deg": 0.0,
    "width_m": 0.2,
    "height_m": 0.010584,
    "depth_m": 0.053541,
    "bounding_box": {
      "min": [-0.010561736083846387, -0.005445131803372321, 0.014314206674997604],
      "max": [0.18943826391615362, 0.005138894042315506, 0.0678553095644281]
    },
    "grasp_point": [0.07989681757797912, 0.04987935987267039, -0.0]
  }
}