{
  "asset_id": "99611569961229",
  "body_id": "9961156",
  "handle_id": "9961229",
  "door_type": "Safe",
  "open_direction": "right-pull",
  "coordinate_frame": "F_world: x=right, y=up, z=out-of-door",
  "door_body": {
    "mesh_scale": 0.6,
    "width_m": 0.621905,
    "height_m": 0.888437,
    "depth_m": 0.554384,
    "bounding_box": {
      "min": [-0.3089813947677612, -0.4564285870525109, -0.507032128771838],
      "max": [0.31292399168014523, 0.4320082368270778, 0.04735232417195264]
    }
  },
  "hinge": {
    "coordinate_frame": "F_world: origin=door_center, x=right, y=up, z=out-of-door",
    "position": [-0.27108137905597685, 0.0, -0.0],
    "axis": [0.0, -1.0, -0.0],
    "lower_limit_rad": 0.0,
    "upper_limit_rad": 1.5079644737231006,
    "upper_limit_deg": 86.4
  },
  "handle": {
    "coordinate_frame": "position_on_door+rotation_axis: F_hinge (origin=hinge_joint, axes=F_world); bounding_box+grasp_point: F_handle (origin=handle_joint, axes=F_world)",
    "type": "dial",
    "mesh_scale": 0.1,
    "position_on_door": [0.27108137905597685, 0.0, -0.06252380967527302],
    "rotation_axis": [0.0, 0.0, -1.0],
    "lower_limit_rad": 0.0,
    "upper_limit_rad": 1.5079644737231006,
    "upper_limit_deg": 86.4,
    "width_m": 0.1247,
    "height_m": 0.1247,
    "depth_m": 0.052783,
    "bounding_box": {
      "min": [-0.06235714935554242, -0.06242284489052352, -0.0033786886234610904],
      "max": [0.06234315279468688, 0.06227743426272525, 0.049404663086348326]
    },
    "grasp_point": [-6.998280150583014e-06, 0.018012987077236177, 7.270531496033073e-05]
  }
}