{
  "asset_id": "99690419962030",
  "body_id": "9969041",
  "handle_id": "9962030",
  "door_type": "RoundDoor",
  "open_direction": "right-pull",
  "coordinate_frame": "F_world: x=right, y=up, z=out-of-door",
  "door_body": {
    "mesh_scale": 1.1395901382162406,
    "width_m": 0.863783,
    "height_m": 1.869259,
    "depth_m": 0.130794,
    "bounding_box": {
      "min": [-0.43078341888772725, -0.9422195216656598, -0.06568171525360113],
      "max": [0.4329996883764943, 0.9270399756993339, 0.06511261078462145]
    }
  },
  "hinge": {
    "coordinate_frame": "F_world: origin=door_center, x=right, y=up, z=out-of-door",
    "position": [-0.3873468247080005, 0.891316019075276, -0.0],
    "axis": [0.0, -1.0, -0.0],
    "lower_limit_rad": 0.0,
    "upper_limit_rad": 1.5079644737231006,
    "upper_limit_deg": 86.4
  },
  "handle": {
    "coordinate_frame": "position_on_door+rotation_axis: F_hinge (origin=hinge_joint, axes=F_world); bounding_box+grasp_point: F_handle (origin=handle_joint, axes=F_world)",
    "type": "round",
    "mesh_scale": 1.6583782825068203,
    "position_on_door": [0.6953003427910363, -1.0256610878223555, -0.02229706594225731],
    "rotation_axis": [0.0, 0.0, -1.0],
    "lower_limit_rad": 0.0,
    "upper_limit_rad": 1.5079644737231006,
    "upper_limit_deg": 86.4,
    "width_m": 0.066335,
    "height_m": 0.066335,
    "depth_m": 0.049751,
    "bounding_box": {
      "min": [-0.033158107541805606, -0.03304957242265832, 9.432670647553411e-05],
      "max": [0.033177017157789854, 0.03328555155203646, 0.04984566270286282]
    },
    "grasp_point": [9.454807813956553e-06, 0.04155377629849031, -0.0]
  }
}