{
  "asset_id": "99690189969519",
  "body_id": "9969018",
  "handle_id": "9969519",
  "door_type": "Window",
  "open_direction": "window",
  "coordinate_frame": "F_world: x=right, y=up, z=out-of-door",
  "door_body": {
    "mesh_scale": 1.0,
    "width_m": 1.071127,
    "height_m": 0.827689,
    "depth_m": 0.110764,
    "bounding_box": {
      "min": [-0.29712118208408356, -0.4184643393130002, -0.09536519371253271],
      "max": [0.7740058153867722, 0.4092246605215529, 0.015398801073470372]
    }
  },
  "hinge": {
    "coordinate_frame": "F_world: origin=door_center, x=right, y=up, z=out-of-door",
    "position": [-0.23565320670604706, 0.34836465252022536, -0.0],
    "axis": [0.0, -1.0, -0.0],
    "lower_limit_rad": 0.0,
    "upper_limit_rad": 1.5079644737231006,
    "upper_limit_deg": 86.4
  },
  "handle": {
    "coordinate_frame": "position_on_door+rotation_axis: F_hinge (origin=hinge_joint, axes=F_world); bounding_box+grasp_point: F_handle (origin=handle_joint, axes=F_world)",
    "type": "window",
    "mesh_scale": 1.0,
    "position_on_door": [0.0, 0.0, -0.0],
    "rotation_axis": [0.0, 0.0, -1.0],
    "lower_limit_rad": 0.0,
    "upper_limit_rad": 1.5079644737231006,
    "upper_limit_deg": 86.4,
    "width_m": 0.033436,
    "height_m": 0.15,
    "depth_m": 0.0651,
    "bounding_box": {
      "min": [-0.01673050805146487, -0.01540958365267044, 0.027161786135375572],
      "max": [0.0167054667229743, 0.13459041634732954, 0.092262190661545]
    },
    "grasp_point": [-1.252066486748354e-05, 0.07076684657443885, -0.059590414282764334]
  },
  "lock": {
    "bounding_box": {
      "min": [-0.04163675116962963, -0.06819908000279787, -3.0147968325449325e-09],
      "max": [0.041636759537926414, 0.06974181589194191, 0.027438160237998003]
    }
  }
}