{
  "asset_id": "99690049969510",
  "body_id": "9969004",
  "handle_id": "9969510",
  "door_type": "Window",
  "open_direction": "window",
  "coordinate_frame": "F_world: x=right, y=up, z=out-of-door",
  "door_body": {
    "mesh_scale": 1.0,
    "width_m": 0.75,
    "height_m": 0.625,
    "depth_m": 0.065,
    "bounding_box": {
      "min": [-0.37345090792585206, -0.3091748356819153, -0.032204534858465195],
      "max": [0.37654909157354055, 0.3158251857565375, 0.03279549642430435]
    }
  },
  "hinge": {
    "coordinate_frame": "F_world: origin=door_center, x=right, y=up, z=out-of-door",
    "position": [-0.32344063140201634, 0.26581486684187894, -0.0],
    "axis": [0.0, -1.0, -0.0],
    "lower_limit_rad": 0.0,
    "upper_limit_rad": 1.5079644737231006,
    "upper_limit_deg": 86.4
  },
  "handle": {
    "coordinate_frame": "position_on_door+rotation_axis: F_hinge (origin=hinge_joint, axes=F_world); bounding_box+grasp_point: F_handle (origin=handle_joint, axes=F_world)",
    "type": "window",
    "mesh_scale": 0.9548059506629005,
    "position_on_door": [0.6199794040608984, -0.26581486684187894, -0.03220453267244513],
    "rotation_axis": [0.0, 0.0, -1.0],
    "lower_limit_rad": 0.0,
    "upper_limit_rad": 1.5079644737231006,
    "upper_limit_deg": 86.4,
    "width_m": 0.015277,
    "height_m": 0.15,
    "depth_m": 0.033937,
    "bounding_box": {
      "min": [-4.344709061660211e-09, -0.025662685323292515, 0.00042593702613167894],
      "max": [0.015276900045632274, 0.12433731467670749, 0.03436291884551452]
    },
    "grasp_point": [0.007638447968109997, 0.026942487748626016, -0.07225265985234469]
  }
}