{
  "asset_id": "99690659962039",
  "body_id": "9969065",
  "handle_id": "9962039",
  "door_type": "RoundDoor",
  "open_direction": "right-pull",
  "coordinate_frame": "F_world: x=right, y=up, z=out-of-door",
  "door_body": {
    "mesh_scale": 1.024851127275158,
    "width_m": 0.948961,
    "height_m": 1.845173,
    "depth_m": 0.093445,
    "bounding_box": {
      "min": [-0.47326599738277275, -0.9210839230784977, -0.0472825586221848],
      "max": [0.47569489443713, 0.9240887988804775, 0.046162430296140776]
    }
  },
  "hinge": {
    "coordinate_frame": "F_world: origin=door_center, x=right, y=up, z=out-of-door",
    "position": [-0.47326599738277275, 0.9240887988804775, -0.0],
    "axis": [0.0, -1.0, -0.0],
    "lower_limit_rad": 0.0,
    "upper_limit_rad": 1.5079644737231006,
    "upper_limit_deg": 86.4
  },
  "handle": {
    "coordinate_frame": "position_on_door+rotation_axis: F_hinge (origin=hinge_joint, axes=F_world); bounding_box+grasp_point: F_handle (origin=handle_joint, axes=F_world)",
    "type": "round",
    "mesh_scale": 1.2942130342378562,
    "position_on_door": [0.8689608918199028, -1.0228545654002308, -0.0472825586221848],
    "rotation_axis": [0.0, 0.0, -1.0],
    "lower_limit_rad": 0.0,
    "upper_limit_rad": 1.5079644737231006,
    "upper_limit_deg": 86.4,
    "width_m": 0.065279,
    "height_m": 0.064418,
    "depth_m": 0.04931,
    "bounding_box": {
      "min": [-0.032598731485008234, -0.03225066366492042, 8.29914812905123e-05],
      "max": [0.0326806115942994, 0.03216693719507632, 0.049392511617267654]
    },
    "grasp_point": [4.094005358514912e-05, 0.03509145635703792, -0.0]
  }
}