{
  "asset_id": "99690189969520",
  "body_id": "9969018",
  "handle_id": "9969520",
  "door_type": "Window",
  "open_direction": "window",
  "coordinate_frame": "F_world: x=right, y=up, z=out-of-door",
  "door_body": {
    "mesh_scale": 1.0,
    "width_m": 1.071127,
    "height_m": 0.827689,
    "depth_m": 0.110764,
    "bounding_box": {
      "min": [-0.29712118208408356, -0.4184643393130002, -0.09536519371253271],
      "max": [0.7740058153867722, 0.4092246605215529, 0.015398801073470372]
    }
  },
  "hinge": {
    "coordinate_frame": "F_world: origin=door_center, x=right, y=up, z=out-of-door",
    "position": [-0.23565320670604706, 0.34836465252022536, -0.0],
    "axis": [0.0, -1.0, -0.0],
    "lower_limit_rad": 0.0,
    "upper_limit_rad": 1.5079644737231006,
    "upper_limit_deg": 86.4
  },
  "handle": {
    "coordinate_frame": "position_on_door+rotation_axis: F_hinge (origin=hinge_joint, axes=F_world); bounding_box+grasp_point: F_handle (origin=handle_joint, axes=F_world)",
    "type": "window",
    "mesh_scale": 1.0,
    "position_on_door": [0.0, 0.0, -0.0],
    "rotation_axis": [0.0, 0.0, -1.0],
    "lower_limit_rad": 0.0,
    "upper_limit_rad": 1.5079644737231006,
    "upper_limit_deg": 86.4,
    "width_m": 0.028391,
    "height_m": 0.15,
    "depth_m": 0.053645,
    "bounding_box": {
      "min": [-0.014195577554127096, -0.014931802469383646, 0.021393257816339363],
      "max": [0.014195569015155575, 0.13506819753061636, 0.07503827124181087]
    },
    "grasp_point": [-4.269485770749287e-09, 0.06576387659579568, -0.0710357653901152]
  },
  "lock": {
    "bounding_box": {
      "min": [-0.016451342097762934, -0.062415607318173597, 1.014422925269858e-09],
      "max": [0.016451359545062095, 0.06241559129540627, 0.021941637250405488]
    }
  }
}