{
  "asset_id": "99660089962042",
  "body_id": "9966008",
  "handle_id": "9962042",
  "door_type": "RoundDoor",
  "open_direction": "right-pull",
  "coordinate_frame": "F_world: x=right, y=up, z=out-of-door",
  "door_body": {
    "mesh_scale": 0.8292034183391386,
    "width_m": 1.086256,
    "height_m": 1.786933,
    "depth_m": 0.12662,
    "bounding_box": {
      "min": [-0.3629121131524934, -0.8978765736910084, -0.10566033129023202],
      "max": [0.7233442762130065, 0.8890568933324319, 0.02095920099348616]
    }
  },
  "hinge": {
    "coordinate_frame": "F_world: origin=door_center, x=right, y=up, z=out-of-door",
    "position": [-0.33171024935134974, 0.8578547165952737, -0.0],
    "axis": [0.0, -1.0, -0.0],
    "lower_limit_rad": 0.0,
    "upper_limit_rad": 1.5079644737231006,
    "upper_limit_deg": 86.4
  },
  "handle": {
    "coordinate_frame": "position_on_door+rotation_axis: F_hinge (origin=hinge_joint, axes=F_world); bounding_box+grasp_point: F_handle (origin=handle_joint, axes=F_world)",
    "type": "round",
    "mesh_scale": 1.0623604926481707,
    "position_on_door": [0.5849143054419867, -0.9557313706306028, -0.019008534314355008],
    "rotation_axis": [0.0, 0.0, -1.0],
    "lower_limit_rad": 0.0,
    "upper_limit_rad": 1.5079644737231006,
    "upper_limit_deg": 86.4,
    "width_m": 0.064449,
    "height_m": 0.064449,
    "depth_m": 0.078836,
    "bounding_box": {
      "min": [-0.032263722706092644, -0.03221605340760763, 0.0001783842269070222],
      "max": [0.032185662596016885, 0.0322333318945019, 0.07901481634848477]
    },
    "grasp_point": [-3.903005663889344e-05, 0.06296853052056449, -0.0]
  }
}