{
  "asset_id": "99690129969504",
  "body_id": "9969012",
  "handle_id": "9969504",
  "door_type": "Window",
  "open_direction": "window",
  "coordinate_frame": "F_world: x=right, y=up, z=out-of-door",
  "door_body": {
    "mesh_scale": 1.0,
    "width_m": 0.801688,
    "height_m": 0.751695,
    "depth_m": 0.015481,
    "bounding_box": {
      "min": [-0.400164771543536, -0.37732700938289, 0.006472715424048259],
      "max": [0.40152274450520054, 0.37436798735491195, 0.02195409221868805]
    }
  },
  "hinge": {
    "coordinate_frame": "F_world: origin=door_center, x=right, y=up, z=out-of-door",
    "position": [-0.3803210234821304, 0.3545242375947275, -0.0],
    "axis": [0.0, -1.0, -0.0],
    "lower_limit_rad": 0.0,
    "upper_limit_rad": 1.5079644737231006,
    "upper_limit_deg": 86.4
  },
  "handle": {
    "coordinate_frame": "position_on_door+rotation_axis: F_hinge (origin=hinge_joint, axes=F_world); bounding_box+grasp_point: F_handle (origin=handle_joint, axes=F_world)",
    "type": "window",
    "mesh_scale": 1.0,
    "position_on_door": [0.0, 0.0, -0.0],
    "rotation_axis": [0.0, 0.0, -1.0],
    "lower_limit_rad": 0.0,
    "upper_limit_rad": 1.5079644737231006,
    "upper_limit_deg": 86.4,
    "width_m": 0.060525,
    "height_m": 0.15,
    "depth_m": 0.034615,
    "bounding_box": {
      "min": [-0.024492343557314264, -0.013386491515010897, 0.017370699316632727],
      "max": [0.03603215809025254, 0.1366135084849891, 0.05198534252754071]
    },
    "grasp_point": [0.013757902817730304, 0.04532868388839768, -0.06693883798291995]
  },
  "lock": {
    "bounding_box": {
      "min": [-0.049243533551278716, -0.020014851392983733, 0.00018807691081150653],
      "max": [0.04927508146513243, 0.019925117806981012, 0.017628541770319046]
    }
  }
}