{
  "asset_id": "99655049960010",
  "body_id": "9965504",
  "handle_id": "9960010",
  "door_type": "LeverDoor",
  "open_direction": "right-pull",
  "coordinate_frame": "F_world: x=right, y=up, z=out-of-door",
  "door_body": {
    "mesh_scale": 0.8812415936787639,
    "width_m": 0.828191,
    "height_m": 1.869025,
    "depth_m": 0.111918,
    "bounding_box": {
      "min": [-0.4142722958922232, -0.9306599073972808, -0.056725700762278966],
      "max": [0.41391855362239394, 0.9383653660484768, 0.05519205268517393]
    }
  },
  "hinge": {
    "coordinate_frame": "F_world: origin=door_center, x=right, y=up, z=out-of-door",
    "position": [-0.33594848501458446, 0.8600227331579744, -0.0],
    "axis": [0.0, -1.0, -0.0],
    "lower_limit_rad": 0.0,
    "upper_limit_rad": 1.5079644737231006,
    "upper_limit_deg": 86.4
  },
  "handle": {
    "coordinate_frame": "position_on_door+rotation_axis: F_hinge (origin=hinge_joint, axes=F_world); bounding_box+grasp_point: F_handle (origin=handle_joint, axes=F_world)",
    "type": "lever",
    "mesh_scale": 1.32421828103481,
    "position_on_door": [0.5915244443470267, -0.9906826405552551, -0.01654194357646865],
    "rotation_axis": [0.0, 0.0, -1.0],
    "lower_limit_rad": 0.0,
    "upper_limit_rad": 1.5079644737231006,
    "upper_limit_deg": 86.4,
    "width_m": 0.137687,
    "height_m": 0.054155,
    "depth_m": 0.076372,
    "bounding_box": {
      "min": [-0.11021694194188444, -0.027405764784571317, 0.0013309723487779515],
      "max": [0.027469992979200882, 0.026749583056067075, 0.07770258054310125]
    },
    "grasp_point": [-0.05510847097094222, 0.06864957699579798, 0.0013242183439318032]
  }
}