{
  "asset_id": "99692809960003",
  "body_id": "9969280",
  "handle_id": "9960003",
  "door_type": "LeverDoor",
  "open_direction": "right-pull",
  "coordinate_frame": "F_world: x=right, y=up, z=out-of-door",
  "door_body": {
    "mesh_scale": 0.9356035095005297,
    "width_m": 0.765288,
    "height_m": 1.751659,
    "depth_m": 0.096936,
    "bounding_box": {
      "min": [-0.3835631941605813, -0.8753907201393857, -0.048269529859744566],
      "max": [0.38172491510107787, 0.8762686629117866, 0.04866655599049724]
    }
  },
  "hinge": {
    "coordinate_frame": "F_world: origin=door_center, x=right, y=up, z=out-of-door",
    "position": [-0.3271797631867954, 0.8167897893167717, -0.0],
    "axis": [0.0, -1.0, -0.0],
    "lower_limit_rad": 0.0,
    "upper_limit_rad": 1.5079644737231006,
    "upper_limit_deg": 86.4
  },
  "handle": {
    "coordinate_frame": "position_on_door+rotation_axis: F_hinge (origin=hinge_joint, axes=F_world); bounding_box+grasp_point: F_handle (origin=handle_joint, axes=F_world)",
    "type": "lever",
    "mesh_scale": 0.9319476660671626,
    "position_on_door": [0.571345649829945, -0.8377169236194582, -0.048463961677112935],
    "rotation_axis": [0.0, 0.0, -1.0],
    "lower_limit_rad": 0.0,
    "upper_limit_rad": 1.5079644737231006,
    "upper_limit_deg": 86.4,
    "width_m": 0.133268,
    "height_m": 0.059645,
    "depth_m": 0.052189,
    "bounding_box": {
      "min": [-0.10435658680310914, -0.03194851782554669, -0.005923680568551962],
      "max": [0.028911858642821142, 0.027696131859740923, 0.04626538014596197]
    },
    "grasp_point": [-0.052178294519205456, 0.03880980249012267, -0.0]
  }
}