{
  "asset_id": "99660039962035",
  "body_id": "9966003",
  "handle_id": "9962035",
  "door_type": "RoundDoor",
  "open_direction": "right-pull",
  "coordinate_frame": "F_world: x=right, y=up, z=out-of-door",
  "door_body": {
    "mesh_scale": 0.8105978869833348,
    "width_m": 0.729538,
    "height_m": 1.864375,
    "depth_m": 0.097272,
    "bounding_box": {
      "min": [-0.3650274874797523, -0.9266771915106545, -0.04805886772917736],
      "max": [0.3645106075545737, 0.9376978617022222, 0.04921287042124825]
    }
  },
  "hinge": {
    "coordinate_frame": "F_world: origin=door_center, x=right, y=up, z=out-of-door",
    "position": [-0.34045843184573876, 0.9085475121860572, -0.0],
    "axis": [0.0, -1.0, -0.0],
    "lower_limit_rad": 0.0,
    "upper_limit_rad": 1.5079644737231006,
    "upper_limit_deg": 86.4
  },
  "handle": {
    "coordinate_frame": "position_on_door+rotation_axis: F_hinge (origin=hinge_joint, axes=F_world); bounding_box+grasp_point: F_handle (origin=handle_joint, axes=F_world)",
    "type": "round",
    "mesh_scale": 2.7927944435746386,
    "position_on_door": [0.6009021948212745, -1.0346759942566868, -0.02072758424708736],
    "rotation_axis": [0.0, 0.0, -1.0],
    "lower_limit_rad": 0.0,
    "upper_limit_rad": 1.5079644737231006,
    "upper_limit_deg": 86.4,
    "width_m": 0.066866,
    "height_m": 0.066909,
    "depth_m": 0.076949,
    "bounding_box": {
      "min": [-0.03357634107993954, -0.03344469498960337, 8.126659777317842e-10],
      "max": [0.03328949553779534, 0.03346463910444051, 0.07694895883529443]
    },
    "grasp_point": [-0.0001434227708180594, 0.05802403856675906, -0.0]
  }
}