{
  "asset_id": "99665049962013",
  "body_id": "9966504",
  "handle_id": "9962013",
  "door_type": "RoundDoor",
  "open_direction": "right-pull",
  "coordinate_frame": "F_world: x=right, y=up, z=out-of-door",
  "door_body": {
    "mesh_scale": 0.8478182469242799,
    "width_m": 0.852675,
    "height_m": 1.84762,
    "depth_m": 0.121132,
    "bounding_box": {
      "min": [-0.42633716751744666, -0.9205814109633735, -0.06033238661046813],
      "max": [0.4263375782570251, 0.9270384128172928, 0.060799643954934285]
    }
  },
  "hinge": {
    "coordinate_frame": "F_world: origin=door_center, x=right, y=up, z=out-of-door",
    "position": [-0.37388539076500105, 0.8827337360497255, -0.0],
    "axis": [0.0, -1.0, -0.0],
    "lower_limit_rad": 0.0,
    "upper_limit_rad": 1.5079644737231006,
    "upper_limit_deg": 86.4
  },
  "handle": {
    "coordinate_frame": "position_on_door+rotation_axis: F_hinge (origin=hinge_joint, axes=F_world); bounding_box+grasp_point: F_handle (origin=handle_joint, axes=F_world)",
    "type": "round",
    "mesh_scale": 1.3207048071357528,
    "position_on_door": [0.6683267710965045, -0.9954460395652405, -0.01958245790021013],
    "rotation_axis": [0.0, 0.0, -1.0],
    "lower_limit_rad": 0.0,
    "upper_limit_rad": 1.5079644737231006,
    "upper_limit_deg": 86.4,
    "width_m": 0.067092,
    "height_m": 0.067092,
    "depth_m": 0.088058,
    "bounding_box": {
      "min": [-0.033507259869480034, -0.03350544938344341, 0.00011572191701162896],
      "max": [0.03358454352219876, 0.033586354008235376, 0.08817371423517477]
    },
    "grasp_point": [3.864182603082364e-05, 0.054710355233066395, -0.0]
  }
}