{
  "asset_id": "99655059962009",
  "body_id": "9965505",
  "handle_id": "9962009",
  "door_type": "RoundDoor",
  "open_direction": "right-pull",
  "coordinate_frame": "F_world: x=right, y=up, z=out-of-door",
  "door_body": {
    "mesh_scale": 0.8009712955723166,
    "width_m": 1.668263,
    "height_m": 1.749642,
    "depth_m": 0.122068,
    "bounding_box": {
      "min": [-0.8355740322397381, -0.8770837131628301, -0.060762958060529546],
      "max": [0.8326889620170013, 0.872558047431, 0.061305142388799534]
    }
  },
  "hinge": {
    "coordinate_frame": "F_world: origin=door_center, x=right, y=up, z=out-of-door",
    "position": [-0.42868061900638704, 0.8318476698307569, -0.0],
    "axis": [0.0, -1.0, -0.0],
    "lower_limit_rad": 0.0,
    "upper_limit_rad": 1.5079644737231006,
    "upper_limit_deg": 86.4
  },
  "handle": {
    "coordinate_frame": "position_on_door+rotation_axis: F_hinge (origin=hinge_joint, axes=F_world); bounding_box+grasp_point: F_handle (origin=handle_joint, axes=F_world)",
    "type": "round",
    "mesh_scale": 0.9247012302999892,
    "position_on_door": [0.7744761677900371, -0.9089313829935868, -0.00059062272969933],
    "rotation_axis": [0.0, 0.0, -1.0],
    "lower_limit_rad": 0.0,
    "upper_limit_rad": 1.5079644737231006,
    "upper_limit_deg": 86.4,
    "width_m": 0.062343,
    "height_m": 0.062343,
    "depth_m": 0.062916,
    "bounding_box": {
      "min": [-0.031197840629942634, -0.031310370020967204, 8.282126102699745e-05],
      "max": [0.031145066070560543, 0.031032536679535972, 0.06299924433283635]
    },
    "grasp_point": [-2.638727951351617e-05, 0.04078804434057356, -0.0]
  }
}