{
  "asset_id": "99660099962002",
  "body_id": "9966009",
  "handle_id": "9962002",
  "door_type": "RoundDoor",
  "open_direction": "right-pull",
  "coordinate_frame": "F_world: x=right, y=up, z=out-of-door",
  "door_body": {
    "mesh_scale": 0.8470240256493148,
    "width_m": 1.290865,
    "height_m": 1.80721,
    "depth_m": 0.086058,
    "bounding_box": {
      "min": [-0.4752889651343186, -0.9017529401649872, -0.0698697741173688],
      "max": [0.8155756343548881, 0.9054574991199023, 0.016187865848578318]
    }
  },
  "hinge": {
    "coordinate_frame": "F_world: origin=door_center, x=right, y=up, z=out-of-door",
    "position": [-0.432260391364228, 0.8624285970660264, -0.0],
    "axis": [0.0, -1.0, -0.0],
    "lower_limit_rad": 0.0,
    "upper_limit_rad": 1.5079644737231006,
    "upper_limit_deg": 86.4
  },
  "handle": {
    "coordinate_frame": "position_on_door+rotation_axis: F_hinge (origin=hinge_joint, axes=F_world); bounding_box+grasp_point: F_handle (origin=handle_joint, axes=F_world)",
    "type": "round",
    "mesh_scale": 1.4680144329164968,
    "position_on_door": [0.7805763996594712, -0.9211527993189421, -0.01084095413439524],
    "rotation_axis": [0.0, 0.0, -1.0],
    "lower_limit_rad": 0.0,
    "upper_limit_rad": 1.5079644737231006,
    "upper_limit_deg": 86.4,
    "width_m": 0.063386,
    "height_m": 0.063386,
    "depth_m": 0.08113,
    "bounding_box": {
      "min": [-0.0320408815764276, -0.03182183834970391, -0.001480626254171277],
      "max": [0.031345077769016884, 0.03156407724550117, 0.07964921055079854]
    },
    "grasp_point": [-0.000347901903705358, 0.0537644340405913, -0.0]
  }
}