{
  "asset_id": "99611229961213",
  "body_id": "9961122",
  "handle_id": "9961213",
  "door_type": "Safe",
  "open_direction": "right-pull",
  "coordinate_frame": "F_world: x=right, y=up, z=out-of-door",
  "door_body": {
    "mesh_scale": 0.6,
    "width_m": 0.54864,
    "height_m": 0.64008,
    "depth_m": 0.55626,
    "bounding_box": {
      "min": [-0.30771929487442123, -0.3655510392537174, -0.5562176732130325],
      "max": [0.24092069849515807, 0.27452893755520724, 4.2312600351795957e-05]
    }
  },
  "hinge": {
    "coordinate_frame": "F_world: origin=door_center, x=right, y=up, z=out-of-door",
    "position": [-0.2467593642047614, 0.0, -0.0],
    "axis": [0.0, -1.0, -0.0],
    "lower_limit_rad": 0.0,
    "upper_limit_rad": 1.5079644737231006,
    "upper_limit_deg": 86.4
  },
  "handle": {
    "coordinate_frame": "position_on_door+rotation_axis: F_hinge (origin=hinge_joint, axes=F_world); bounding_box+grasp_point: F_handle (origin=handle_joint, axes=F_world)",
    "type": "dial",
    "mesh_scale": 0.6,
    "position_on_door": [0.2467593642047614, 0.0, -0.010087464443295842],
    "rotation_axis": [0.0, 0.0, -1.0],
    "lower_limit_rad": 0.0,
    "upper_limit_rad": 1.5079644737231006,
    "upper_limit_deg": 86.4,
    "width_m": 0.187867,
    "height_m": 0.187867,
    "depth_m": 0.079529,
    "bounding_box": {
      "min": [-0.0931506248193268, -0.0940852775801827, 0.0008348609668337197],
      "max": [0.09471668653759543, 0.09378203209029257, 0.0803642291066819]
    },
    "grasp_point": [0.0007830308284610509, 0.07059954553842544, -0.0817820280790329]
  }
}