{
  "asset_id": "99655039962026",
  "body_id": "9965503",
  "handle_id": "9962026",
  "door_type": "RoundDoor",
  "open_direction": "right-pull",
  "coordinate_frame": "F_world: x=right, y=up, z=out-of-door",
  "door_body": {
    "mesh_scale": 0.8632881649119379,
    "width_m": 1.035946,
    "height_m": 1.899234,
    "depth_m": 0.094962,
    "bounding_box": {
      "min": [-0.5175917763452559, -0.9476644146708225, -0.06957733889557258],
      "max": [0.5183538102549994, 0.9515699089638812, 0.025384569415466438]
    }
  },
  "hinge": {
    "coordinate_frame": "F_world: origin=door_center, x=right, y=up, z=out-of-door",
    "position": [-0.4815588565752399, 0.9174261082162869, -0.0],
    "axis": [0.0, -1.0, -0.0],
    "lower_limit_rad": 0.0,
    "upper_limit_rad": 1.5079644737231006,
    "upper_limit_deg": 86.4
  },
  "handle": {
    "coordinate_frame": "position_on_door+rotation_axis: F_hinge (origin=hinge_joint, axes=F_world); bounding_box+grasp_point: F_handle (origin=handle_joint, axes=F_world)",
    "type": "round",
    "mesh_scale": 0.7375794533982215,
    "position_on_door": [0.8838796815488454, -1.0650902747661377, -0.017780032004302074],
    "rotation_axis": [0.0, 0.0, -1.0],
    "lower_limit_rad": 0.0,
    "upper_limit_rad": 1.5079644737231006,
    "upper_limit_deg": 86.4,
    "width_m": 0.060915,
    "height_m": 0.060915,
    "depth_m": 0.048556,
    "bounding_box": {
      "min": [-0.02955919720886856, -0.030400689514132318, 2.5878244967768074e-05],
      "max": [0.03135575158177871, 0.030514259276514952, 0.04858183431348216]
    },
    "grasp_point": [0.0008982772076710636, 0.028729332415647322, -0.0]
  }
}