{
  "asset_id": "99690189969509",
  "body_id": "9969018",
  "handle_id": "9969509",
  "door_type": "Window",
  "open_direction": "window",
  "coordinate_frame": "F_world: x=right, y=up, z=out-of-door",
  "door_body": {
    "mesh_scale": 1.0,
    "width_m": 1.071127,
    "height_m": 0.827689,
    "depth_m": 0.110764,
    "bounding_box": {
      "min": [-0.29712118208408356, -0.4184643393130002, -0.09536519371253271],
      "max": [0.7740058153867722, 0.4092246605215529, 0.015398801073470372]
    }
  },
  "hinge": {
    "coordinate_frame": "F_world: origin=door_center, x=right, y=up, z=out-of-door",
    "position": [-0.23565320670604706, 0.34836465252022536, -0.0],
    "axis": [0.0, -1.0, -0.0],
    "lower_limit_rad": 0.0,
    "upper_limit_rad": 1.5079644737231006,
    "upper_limit_deg": 86.4
  },
  "handle": {
    "coordinate_frame": "position_on_door+rotation_axis: F_hinge (origin=hinge_joint, axes=F_world); bounding_box+grasp_point: F_handle (origin=handle_joint, axes=F_world)",
    "type": "window",
    "mesh_scale": 1.0774908155485967,
    "position_on_door": [0.44409596992656586, -0.34836465252022536, -0.00917094583565014],
    "rotation_axis": [0.0, 0.0, -1.0],
    "lower_limit_rad": 0.0,
    "upper_limit_rad": 1.5079644737231006,
    "upper_limit_deg": 86.4,
    "width_m": 0.04797,
    "height_m": 0.15,
    "depth_m": 0.069043,
    "bounding_box": {
      "min": [-0.0240722325723263, -0.026232726355659965, 0.00020753867906246037],
      "max": [0.023898143731921957, 0.12376727364434004, 0.06925046012316893]
    },
    "grasp_point": [-8.704442244030961e-05, 0.06274376089500695, -0.06169716339279277]
  }
}