{
  "asset_id": "99690069969501",
  "body_id": "9969006",
  "handle_id": "9969501",
  "door_type": "Window",
  "open_direction": "window",
  "coordinate_frame": "F_world: x=right, y=up, z=out-of-door",
  "door_body": {
    "mesh_scale": 1.0,
    "width_m": 0.964567,
    "height_m": 1.456693,
    "depth_m": 0.029973,
    "bounding_box": {
      "min": [-0.4828275424978278, -0.7322870051766943, -0.056385130502694114],
      "max": [0.4817394044939576, 0.7244058224159886, -0.026411719620227814]
    }
  },
  "hinge": {
    "coordinate_frame": "F_world: origin=door_center, x=right, y=up, z=out-of-door",
    "position": [-0.4434260129928589, 0.6856059756569977, -0.0],
    "axis": [0.0, -1.0, -0.0],
    "lower_limit_rad": 0.0,
    "upper_limit_rad": 1.5079644737231006,
    "upper_limit_deg": 86.4
  },
  "handle": {
    "coordinate_frame": "position_on_door+rotation_axis: F_hinge (origin=hinge_joint, axes=F_world); bounding_box+grasp_point: F_handle (origin=handle_joint, axes=F_world)",
    "type": "window",
    "mesh_scale": 1.2975733826295381,
    "position_on_door": [0.8558267916117128, -0.6856059756569977, -0.024626339215227944],
    "rotation_axis": [0.0, 0.0, -1.0],
    "lower_limit_rad": 0.0,
    "upper_limit_rad": 1.5079644737231006,
    "upper_limit_deg": 86.4,
    "width_m": 0.012771,
    "height_m": 0.15,
    "depth_m": 0.081567,
    "bounding_box": {
      "min": [-0.007134251752767127, -0.016777753463141705, 0.00014427530019463952],
      "max": [0.0056371679508212275, 0.1332222465368583, 0.08171155800810678]
    },
    "grasp_point": [-0.0007485418720294771, 0.07336725134550397, -0.06471011418343899]
  }
}