{
  "asset_id": "99689039962023",
  "body_id": "9968903",
  "handle_id": "9962023",
  "door_type": "RoundDoor",
  "open_direction": "right-pull",
  "coordinate_frame": "F_world: x=right, y=up, z=out-of-door",
  "door_body": {
    "mesh_scale": 0.9966768353317274,
    "width_m": 0.78067,
    "height_m": 1.811178,
    "depth_m": 0.11858,
    "bounding_box": {
      "min": [-0.39198503571909227, -0.9183310410168066, -0.05783818019347677],
      "max": [0.388685030529658, 0.8928470490102791, 0.060741503657142946]
    }
  },
  "hinge": {
    "coordinate_frame": "F_world: origin=door_center, x=right, y=up, z=out-of-door",
    "position": [-0.34520399652815836, 0.8436770011302176, -0.0],
    "axis": [0.0, -1.0, -0.0],
    "lower_limit_rad": 0.0,
    "upper_limit_rad": 1.5079644737231006,
    "upper_limit_deg": 86.4
  },
  "handle": {
    "coordinate_frame": "position_on_door+rotation_axis: F_hinge (origin=hinge_joint, axes=F_world); bounding_box+grasp_point: F_handle (origin=handle_joint, axes=F_world)",
    "type": "round",
    "mesh_scale": 0.9774449717387277,
    "position_on_door": [0.6088412339160266, -0.9586133693583159, -0.015896012027001978],
    "rotation_axis": [0.0, 0.0, -1.0],
    "lower_limit_rad": 0.0,
    "upper_limit_rad": 1.5079644737231006,
    "upper_limit_deg": 86.4,
    "width_m": 0.063534,
    "height_m": 0.063534,
    "depth_m": 0.045166,
    "bounding_box": {
      "min": [-0.03172908396455772, -0.03175452913325596, 5.4627933650647934e-05],
      "max": [0.0318048377315167, 0.031779392562818455, 0.04522054111372721]
    },
    "grasp_point": [3.787688201254225e-05, 0.03925415032803414, -0.0]
  }
}