{
  "asset_id": "99690139969537",
  "body_id": "9969013",
  "handle_id": "9969537",
  "door_type": "Window",
  "open_direction": "window",
  "coordinate_frame": "F_world: x=right, y=up, z=out-of-door",
  "door_body": {
    "mesh_scale": 1.0,
    "width_m": 0.649288,
    "height_m": 1.208895,
    "depth_m": 0.015481,
    "bounding_box": {
      "min": [-0.324666816459689, -0.6056669496924145, 0.028971835286962344],
      "max": [0.3246207014308311, 0.6032280899666915, 0.044453212081602134]
    }
  },
  "hinge": {
    "coordinate_frame": "F_world: origin=door_center, x=right, y=up, z=out-of-door",
    "position": [-0.30546158315543975, 0.5833843402065071, -0.0],
    "axis": [0.0, -1.0, -0.0],
    "lower_limit_rad": 0.0,
    "upper_limit_rad": 1.5079644737231006,
    "upper_limit_deg": 86.4
  },
  "handle": {
    "coordinate_frame": "position_on_door+rotation_axis: F_hinge (origin=hinge_joint, axes=F_world); bounding_box+grasp_point: F_handle (origin=handle_joint, axes=F_world)",
    "type": "window",
    "mesh_scale": 1.0,
    "position_on_door": [0.0, 0.0, -0.0],
    "rotation_axis": [0.0, 0.0, -1.0],
    "lower_limit_rad": 0.0,
    "upper_limit_rad": 1.5079644737231006,
    "upper_limit_deg": 86.4,
    "width_m": 0.033171,
    "height_m": 0.15,
    "depth_m": 0.033354,
    "bounding_box": {
      "min": [-0.016987929140367192, -0.016267014866309923, 0.011334896357932446],
      "max": [0.016183417779644448, 0.13373298513369009, 0.04468846621055035]
    },
    "grasp_point": [-0.0004022556760140599, 0.03245882514877662, -0.06095655784440335]
  },
  "lock": {
    "bounding_box": {
      "min": [-0.022516484716106153, -0.021795570442048884, 0.00021703188547271703],
      "max": [0.021711949790622128, 0.022432864064679398, 0.011334896357932446]
    }
  }
}