{
  "asset_id": "99660039960014",
  "body_id": "9966003",
  "handle_id": "9960014",
  "door_type": "LeverDoor",
  "open_direction": "right-pull",
  "coordinate_frame": "F_world: x=right, y=up, z=out-of-door",
  "door_body": {
    "mesh_scale": 0.749612061509745,
    "width_m": 0.674651,
    "height_m": 1.724108,
    "depth_m": 0.089953,
    "bounding_box": {
      "min": [-0.337564422251011, -0.8569580688984005, -0.04444312956003728],
      "max": [0.3370864301016507, 0.8671495922593415, 0.04551031015707828]
    }
  },
  "hinge": {
    "coordinate_frame": "F_world: origin=door_center, x=right, y=up, z=out-of-door",
    "position": [-0.3148438344738816, 0.8401923870341184, -0.0],
    "axis": [0.0, -1.0, -0.0],
    "lower_limit_rad": 0.0,
    "upper_limit_rad": 1.5079644737231006,
    "upper_limit_deg": 86.4
  },
  "handle": {
    "coordinate_frame": "position_on_door+rotation_axis: F_hinge (origin=hinge_joint, axes=F_world); bounding_box+grasp_point: F_handle (origin=handle_joint, axes=F_world)",
    "type": "lever",
    "mesh_scale": 0.960631214047864,
    "position_on_door": [0.5496741036989395, -0.8966430289812377, -0.019168131828470353],
    "rotation_axis": [0.0, 0.0, -1.0],
    "lower_limit_rad": 0.0,
    "upper_limit_rad": 1.5079644737231006,
    "upper_limit_deg": 86.4,
    "width_m": 0.147925,
    "height_m": 0.0732,
    "depth_m": 0.0427,
    "bounding_box": {
      "min": [-0.11138781894675841, -0.03663229099687752, 0.0006303341973237843],
      "max": [0.03653738035756402, 0.036567806628932345, 0.043330393345492886]
    },
    "grasp_point": [-0.055693909560558516, 0.03927172614096339, 0.0009606312596753984]
  }
}