{
  "asset_id": "99650089960001",
  "body_id": "9965008",
  "handle_id": "9960001",
  "door_type": "LeverDoor",
  "open_direction": "right-pull",
  "coordinate_frame": "F_world: x=right, y=up, z=out-of-door",
  "door_body": {
    "mesh_scale": 0.7483859717986473,
    "width_m": 0.748386,
    "height_m": 1.870965,
    "depth_m": 0.187096,
    "bounding_box": {
      "min": [-0.3736517797242185, -0.936589349794327, -0.1258716265730932],
      "max": [0.37473418873977116, 0.9343756438792405, 0.06122486554290421]
    }
  },
  "hinge": {
    "coordinate_frame": "F_world: origin=door_center, x=right, y=up, z=out-of-door",
    "position": [-0.29881318287779357, 0.8592324174265562, -0.0],
    "axis": [0.0, -1.0, -0.0],
    "lower_limit_rad": 0.0,
    "upper_limit_rad": 1.5079644737231006,
    "upper_limit_deg": 86.4
  },
  "handle": {
    "coordinate_frame": "position_on_door+rotation_axis: F_hinge (origin=hinge_joint, axes=F_world); bounding_box+grasp_point: F_handle (origin=handle_joint, axes=F_world)",
    "type": "lever",
    "mesh_scale": 0.9130892342400293,
    "position_on_door": [0.5187087022575982, -0.9958217672208831, -0.02858146154981357],
    "rotation_axis": [0.0, 0.0, -1.0],
    "lower_limit_rad": 0.0,
    "upper_limit_rad": 1.5079644737231006,
    "upper_limit_deg": 86.4,
    "width_m": 0.137876,
    "height_m": 0.045654,
    "depth_m": 0.060154,
    "bounding_box": {
      "min": [-0.11504922614819559, -0.022827225224779375, -4.600419859532421e-09],
      "max": [0.022827236523269637, 0.022827236316460848, 0.06015384951280401]
    },
    "grasp_point": [-0.05752461587929102, 0.04833870581585666, -0.0]
  }
}