{
  "asset_id": "99614079961598",
  "body_id": "9961407",
  "handle_id": "9961598",
  "door_type": "Fridge",
  "open_direction": "fridge",
  "coordinate_frame": "F_world: x=right, y=up, z=out-of-door",
  "door_body": {
    "mesh_scale": 0.5,
    "width_m": 1.02025,
    "height_m": 1.193468,
    "depth_m": 0.747575,
    "bounding_box": {
      "min": [-0.9132336113743165, -0.7119205078120728, -0.6676128364723819],
      "max": [0.10701655894571971, 0.48154791821653475, 0.07996249737169148]
    }
  },
  "hinge": {
    "coordinate_frame": "F_world: origin=door_center, x=right, y=up, z=out-of-door",
    "position": [-0.5149354934692383, 0.4815477037308469, -0.0],
    "axis": [0.0, -1.0, -0.0],
    "lower_limit_rad": 0.0,
    "upper_limit_rad": 1.5079644737231006,
    "upper_limit_deg": 86.4
  },
  "handle": {
    "coordinate_frame": "position_on_door+rotation_axis: F_hinge (origin=hinge_joint, axes=F_world); bounding_box+grasp_point: F_handle (origin=handle_joint, axes=F_world)",
    "type": "dial",
    "mesh_scale": 1.0,
    "position_on_door": [0.5149354934692383, -0.4815477037308469, -0.0703221772856868],
    "rotation_axis": [0.0, 0.0, -1.0],
    "lower_limit_rad": 0.0,
    "upper_limit_rad": 1.5079644737231006,
    "upper_limit_deg": 86.4,
    "width_m": 0.1397,
    "height_m": 0.0508,
    "depth_m": 0.0381,
    "bounding_box": {
      "min": [-0.1146999926399488, -0.025800002848606812, 0.0004319651498976195],
      "max": [0.025000005671749065, 0.024999996537465347, 0.03853197327411396]
    },
    "grasp_point": [-0.05734999477863312, 0.03248196840286255, -0.0]
  }
}