{
  "asset_id": "99690189969517",
  "body_id": "9969018",
  "handle_id": "9969517",
  "door_type": "Window",
  "open_direction": "window",
  "coordinate_frame": "F_world: x=right, y=up, z=out-of-door",
  "door_body": {
    "mesh_scale": 1.0,
    "width_m": 1.071127,
    "height_m": 0.827689,
    "depth_m": 0.110764,
    "bounding_box": {
      "min": [-0.29712118208408356, -0.4184643393130002, -0.09536519371253271],
      "max": [0.7740058153867722, 0.4092246605215529, 0.015398801073470372]
    }
  },
  "hinge": {
    "coordinate_frame": "F_world: origin=door_center, x=right, y=up, z=out-of-door",
    "position": [-0.23565320670604706, 0.34836465252022536, -0.0],
    "axis": [0.0, -1.0, -0.0],
    "lower_limit_rad": 0.0,
    "upper_limit_rad": 1.5079644737231006,
    "upper_limit_deg": 86.4
  },
  "handle": {
    "coordinate_frame": "position_on_door+rotation_axis: F_hinge (origin=hinge_joint, axes=F_world); bounding_box+grasp_point: F_handle (origin=handle_joint, axes=F_world)",
    "type": "window",
    "mesh_scale": 1.0,
    "position_on_door": [0.0, 0.0, -0.0],
    "rotation_axis": [0.0, 0.0, -1.0],
    "lower_limit_rad": 0.0,
    "upper_limit_rad": 1.5079644737231006,
    "upper_limit_deg": 86.4,
    "width_m": 0.026634,
    "height_m": 0.15,
    "depth_m": 0.062254,
    "bounding_box": {
      "min": [-0.012900935430132649, -0.013079476392472162, 0.011294815837916562],
      "max": [0.013732825956439288, 0.13692052360752782, 0.07354929697266054]
    },
    "grasp_point": [0.00041594525318169005, 0.0601974210183785, -0.06192052297820766]
  },
  "lock": {
    "bounding_box": {
      "min": [-0.017922394055878928, -0.03802475372187083, -5.536672680181096e-05],
      "max": [0.017615231330552244, 0.038499522942470846, 0.011097985344218625]
    }
  }
}