{
  "asset_id": "99660079960017",
  "body_id": "9966007",
  "handle_id": "9960017",
  "door_type": "LeverDoor",
  "open_direction": "right-pull",
  "coordinate_frame": "F_world: x=right, y=up, z=out-of-door",
  "door_body": {
    "mesh_scale": 0.5842804225272118,
    "width_m": 1.256337,
    "height_m": 1.782055,
    "depth_m": 0.128542,
    "bounding_box": {
      "min": [-0.41584500126917034, -0.891248910455514, -0.06980600449693998],
      "max": [0.8404919042155058, 0.8908065118442821, 0.058735682225004256]
    }
  },
  "hinge": {
    "coordinate_frame": "F_world: origin=door_center, x=right, y=up, z=out-of-door",
    "position": [-0.41584500126917034, 0.5285524590076831, -0.0],
    "axis": [0.0, -1.0, -0.0],
    "lower_limit_rad": 0.0,
    "upper_limit_rad": 1.5079644737231006,
    "upper_limit_deg": 86.4
  },
  "handle": {
    "coordinate_frame": "position_on_door+rotation_axis: F_hinge (origin=hinge_joint, axes=F_world); bounding_box+grasp_point: F_handle (origin=handle_joint, axes=F_world)",
    "type": "lever",
    "mesh_scale": 1.0,
    "position_on_door": [0.0, 0.0, -0.0],
    "rotation_axis": [0.0, 0.0, -1.0],
    "lower_limit_rad": 0.0,
    "upper_limit_rad": 1.5079644737231006,
    "upper_limit_deg": 86.4,
    "width_m": 0.140373,
    "height_m": 0.035093,
    "depth_m": 0.066677,
    "bounding_box": {
      "min": [-0.13158079627487898, -0.017553868040920448, 0.007518023823784166],
      "max": [0.008792306168570014, 0.017539407569941795, 0.07419524748442244]
    },
    "grasp_point": [-0.06579039755438026, 0.0574361341496378, 0.001381625085782751]
  },
  "lock": {
    "bounding_box": {
      "min": [-0.04384759386069153, -0.06142046924801417, 0.0004993687016117169],
      "max": [0.043885595166464085, 0.06140599539000369, 0.007518023823784166]
    }
  }
}