{
  "asset_id": "99690139969529",
  "body_id": "9969013",
  "handle_id": "9969529",
  "door_type": "Window",
  "open_direction": "window",
  "coordinate_frame": "F_world: x=right, y=up, z=out-of-door",
  "door_body": {
    "mesh_scale": 1.0,
    "width_m": 0.649288,
    "height_m": 1.208895,
    "depth_m": 0.015481,
    "bounding_box": {
      "min": [-0.324666816459689, -0.6056669496924145, 0.028971835286962344],
      "max": [0.3246207014308311, 0.6032280899666915, 0.044453212081602134]
    }
  },
  "hinge": {
    "coordinate_frame": "F_world: origin=door_center, x=right, y=up, z=out-of-door",
    "position": [-0.30546158315543975, 0.5833843402065071, -0.0],
    "axis": [0.0, -1.0, -0.0],
    "lower_limit_rad": 0.0,
    "upper_limit_rad": 1.5079644737231006,
    "upper_limit_deg": 86.4
  },
  "handle": {
    "coordinate_frame": "position_on_door+rotation_axis: F_hinge (origin=hinge_joint, axes=F_world); bounding_box+grasp_point: F_handle (origin=handle_joint, axes=F_world)",
    "type": "window",
    "mesh_scale": 1.0,
    "position_on_door": [0.0, 0.0, -0.0],
    "rotation_axis": [0.0, 0.0, -1.0],
    "lower_limit_rad": 0.0,
    "upper_limit_rad": 1.5079644737231006,
    "upper_limit_deg": 86.4,
    "width_m": 0.023845,
    "height_m": 0.15,
    "depth_m": 0.055405,
    "bounding_box": {
      "min": [-0.011969042659122575, -0.0062377716174766345, 0.018916736683356528],
      "max": [0.011875681150221569, 0.14376222838252337, 0.07432175536179386]
    },
    "grasp_point": [-4.668075512605043e-05, 0.06412027721418903, -0.0762626715517196]
  },
  "lock": {
    "bounding_box": {
      "min": [-0.019313636630322473, -0.042690004699116345, -0.00020070963586219038],
      "max": [0.019313637766886008, 0.042690004699116345, 0.019550451093333584]
    }
  }
}