{
  "asset_id": "99613059962014",
  "body_id": "9961305",
  "handle_id": "9962014",
  "door_type": "Cabinet",
  "open_direction": "right-pull",
  "coordinate_frame": "F_world: x=right, y=up, z=out-of-door",
  "door_body": {
    "mesh_scale": 0.8,
    "width_m": 0.626997,
    "height_m": 1.201743,
    "depth_m": 0.892407,
    "bounding_box": {
      "min": [-0.5821333646774293, -0.6155206185900118, -0.8483737880911459],
      "max": [0.04486343860626221, 0.5862226658088895, 0.0440334003207302]
    }
  },
  "hinge": {
    "coordinate_frame": "F_world: origin=door_center, x=right, y=up, z=out-of-door",
    "position": [-0.5756021499633789, 0.3271514650786183, -0.0],
    "axis": [0.0, -1.0, -0.0],
    "lower_limit_rad": 0.0,
    "upper_limit_rad": 1.5079644737231006,
    "upper_limit_deg": 86.4
  },
  "handle": {
    "coordinate_frame": "position_on_door+rotation_axis: F_hinge (origin=hinge_joint, axes=F_world); bounding_box+grasp_point: F_handle (origin=handle_joint, axes=F_world)",
    "type": "round",
    "mesh_scale": 1.0359617858498098,
    "position_on_door": [0.5756021499633789, -0.3271514650786183, -0.013056336269543679],
    "rotation_axis": [0.0, 0.0, -1.0],
    "lower_limit_rad": 0.0,
    "upper_limit_rad": 1.5079644737231006,
    "upper_limit_deg": 86.4,
    "width_m": 0.065784,
    "height_m": 0.05697,
    "depth_m": 0.062494,
    "bounding_box": {
      "min": [-0.03304155925201243, -0.028582797450149786, 0.0002016864210550011],
      "max": [0.03274201335444326, 0.02838740670573239, 0.0626960872191052]
    },
    "grasp_point": [-0.0001497729488328905, 0.04698831176941575, -0.0]
  }
}