{
  "asset_id": "99614039960021",
  "body_id": "9961403",
  "handle_id": "9960021",
  "door_type": "Fridge",
  "open_direction": "fridge",
  "coordinate_frame": "F_world: x=right, y=up, z=out-of-door",
  "door_body": {
    "mesh_scale": 1.0,
    "width_m": 0.6,
    "height_m": 1.51,
    "depth_m": 0.64,
    "bounding_box": {
      "min": [-0.5068848193645599, -0.8874409912869914, -0.6051738968841774],
      "max": [0.09311524445063023, 0.6225589729167589, 0.034826098361953384]
    }
  },
  "hinge": {
    "coordinate_frame": "F_world: origin=door_center, x=right, y=up, z=out-of-door",
    "position": [-0.5031558534529236, 0.5106691273756496, -0.0],
    "axis": [0.0, -1.0, -0.0],
    "lower_limit_rad": 0.0,
    "upper_limit_rad": 1.5079644737231006,
    "upper_limit_deg": 86.4
  },
  "handle": {
    "coordinate_frame": "position_on_door+rotation_axis: F_hinge (origin=hinge_joint, axes=F_world); bounding_box+grasp_point: F_handle (origin=handle_joint, axes=F_world)",
    "type": "lever",
    "mesh_scale": 1.0,
    "position_on_door": [0.5031558534529236, -0.5106691273756496, -0.03281084317751692],
    "rotation_axis": [0.0, 0.0, -1.0],
    "lower_limit_rad": 0.0,
    "upper_limit_rad": 1.5079644737231006,
    "upper_limit_deg": 86.4,
    "width_m": 0.128579,
    "height_m": 0.06985,
    "depth_m": 0.046301,
    "bounding_box": {
      "min": [-0.0936540328151809, -0.03492499652467781, 3.0279117477216566e-09],
      "max": [0.03492499957792437, 0.03492500263117181, 0.04630140238848225]
    },
    "grasp_point": [-0.04682701826095581, 0.043150704354047775, 0.0]
  }
}