{
  "asset_id": "99660019962014",
  "body_id": "9966001",
  "handle_id": "9962014",
  "door_type": "RoundDoor",
  "open_direction": "right-pull",
  "coordinate_frame": "F_world: x=right, y=up, z=out-of-door",
  "door_body": {
    "mesh_scale": 0.8465597374264098,
    "width_m": 0.774094,
    "height_m": 1.784717,
    "depth_m": 0.03763,
    "bounding_box": {
      "min": [-0.3869287577502149, -0.8811774264659555, -0.01934393211655931],
      "max": [0.38716545844225786, 0.903539790407748, 0.01828568159404461]
    }
  },
  "hinge": {
    "coordinate_frame": "F_world: origin=door_center, x=right, y=up, z=out-of-door",
    "position": [-0.32262050854279456, 0.8455630568299108, -0.0],
    "axis": [0.0, -1.0, -0.0],
    "lower_limit_rad": 0.0,
    "upper_limit_rad": 1.5079644737231006,
    "upper_limit_deg": 86.4
  },
  "handle": {
    "coordinate_frame": "position_on_door+rotation_axis: F_hinge (origin=hinge_joint, axes=F_world); bounding_box+grasp_point: F_handle (origin=handle_joint, axes=F_world)",
    "type": "round",
    "mesh_scale": 1.0073357010285338,
    "position_on_door": [0.5650785121230291, -0.920209365661401, -0.01336277858109595],
    "rotation_axis": [0.0, 0.0, -1.0],
    "lower_limit_rad": 0.0,
    "upper_limit_rad": 1.5079644737231006,
    "upper_limit_deg": 86.4,
    "width_m": 0.063966,
    "height_m": 0.055396,
    "depth_m": 0.060768,
    "bounding_box": {
      "min": [-0.03212854248759632, -0.02779298686503621, 0.00019611334618363025],
      "max": [0.03183727375467628, 0.027602995230990825, 0.060963645409754116]
    },
    "grasp_point": [-0.00014563436650699325, 0.04568991310578506, -0.0]
  }
}