{
  "asset_id": "99690089969523",
  "body_id": "9969008",
  "handle_id": "9969523",
  "door_type": "Window",
  "open_direction": "window",
  "coordinate_frame": "F_world: x=right, y=up, z=out-of-door",
  "door_body": {
    "mesh_scale": 1.0,
    "width_m": 0.936,
    "height_m": 0.936,
    "depth_m": 0.1266,
    "bounding_box": {
      "min": [-0.46859829107364526, -0.466628278330095, -0.09562889039761835],
      "max": [0.4674017096950678, 0.469371307399566, 0.030971118611227588]
    }
  },
  "hinge": {
    "coordinate_frame": "F_world: origin=door_center, x=right, y=up, z=out-of-door",
    "position": [-0.4266382184276609, 0.3915905962527546, -0.0],
    "axis": [0.0, -1.0, -0.0],
    "lower_limit_rad": 0.0,
    "upper_limit_rad": 1.5079644737231006,
    "upper_limit_deg": 86.4
  },
  "handle": {
    "coordinate_frame": "position_on_door+rotation_axis: F_hinge (origin=hinge_joint, axes=F_world); bounding_box+grasp_point: F_handle (origin=handle_joint, axes=F_world)",
    "type": "window",
    "mesh_scale": 1.0,
    "position_on_door": [0.0, 0.0, -0.0],
    "rotation_axis": [0.0, 0.0, -1.0],
    "lower_limit_rad": 0.0,
    "upper_limit_rad": 1.5079644737231006,
    "upper_limit_deg": 86.4,
    "width_m": 0.027502,
    "height_m": 0.15,
    "depth_m": 0.049999,
    "bounding_box": {
      "min": [-0.013680038570301277, -0.011600569959560856, 0.01349845207372565],
      "max": [0.01382162769028245, 0.13839943004043914, 0.06349789219940023]
    },
    "grasp_point": [7.079456229183953e-05, 0.05562131107078484, -0.07709794280859095]
  },
  "lock": {
    "bounding_box": {
      "min": [-0.01642866654131524, -0.03659420615919795, 0.0009980162759247425],
      "max": [0.021071806126209992, 0.03840542830377723, 0.013499535520465167]
    }
  }
}