{
  "asset_id": "99613049962009",
  "body_id": "9961304",
  "handle_id": "9962009",
  "door_type": "Cabinet",
  "open_direction": "right-pull",
  "coordinate_frame": "F_world: x=right, y=up, z=out-of-door",
  "door_body": {
    "mesh_scale": 0.8,
    "width_m": 1.124562,
    "height_m": 1.124562,
    "depth_m": 0.449825,
    "bounding_box": {
      "min": [-1.039738702774048, -0.40046664182622393, -0.4624846171295303],
      "max": [0.08482370376586915, 0.7240957668362715, -0.012659722906857462]
    }
  },
  "hinge": {
    "coordinate_frame": "F_world: origin=door_center, x=right, y=up, z=out-of-door",
    "position": [-1.0022579669952394, 0.23679975237374706, -0.0],
    "axis": [0.0, -1.0, -0.0],
    "lower_limit_rad": 0.0,
    "upper_limit_rad": 1.5079644737231006,
    "upper_limit_deg": 86.4
  },
  "handle": {
    "coordinate_frame": "position_on_door+rotation_axis: F_hinge (origin=hinge_joint, axes=F_world); bounding_box+grasp_point: F_handle (origin=handle_joint, axes=F_world)",
    "type": "round",
    "mesh_scale": 0.9663451678902796,
    "position_on_door": [1.0022579669952394, -0.23679975237374706, -0.013909458598900427],
    "rotation_axis": [0.0, 0.0, -1.0],
    "lower_limit_rad": 0.0,
    "upper_limit_rad": 1.5079644737231006,
    "upper_limit_deg": 86.4,
    "width_m": 0.065151,
    "height_m": 0.065151,
    "depth_m": 0.06575,
    "bounding_box": {
      "min": [-0.03260283597933097, -0.032720433133632314, 8.655111810119915e-05],
      "max": [0.03254768471665786, 0.03243008756235652, 0.06583641650614575]
    },
    "grasp_point": [-2.75756311510304e-05, 0.04262493469747056, -0.0]
  }
}