{
  "asset_id": "99690329960006",
  "body_id": "9969032",
  "handle_id": "9960006",
  "door_type": "LeverDoor",
  "open_direction": "right-pull",
  "coordinate_frame": "F_world: x=right, y=up, z=out-of-door",
  "door_body": {
    "mesh_scale": 1.0635804945680403,
    "width_m": 0.761133,
    "height_m": 1.835675,
    "depth_m": 0.167897,
    "bounding_box": {
      "min": [-0.38067779876473706, -0.9206264894452275, -0.08445091727336705],
      "max": [0.3804555065200522, 0.9150485527179524, 0.0834460021959868]
    }
  },
  "hinge": {
    "coordinate_frame": "F_world: origin=door_center, x=right, y=up, z=out-of-door",
    "position": [-0.33550922230690317, 0.8788954927552987, -0.0],
    "axis": [0.0, -1.0, -0.0],
    "lower_limit_rad": 0.0,
    "upper_limit_rad": 1.5079644737231006,
    "upper_limit_deg": 86.4
  },
  "handle": {
    "coordinate_frame": "position_on_door+rotation_axis: F_hinge (origin=hinge_joint, axes=F_world); bounding_box+grasp_point: F_handle (origin=handle_joint, axes=F_world)",
    "type": "lever",
    "mesh_scale": 2.298220821754513,
    "position_on_door": [0.5915883121627963, -0.9909025292273166, -0.028400593899485127],
    "rotation_axis": [0.0, 0.0, -1.0],
    "lower_limit_rad": 0.0,
    "upper_limit_rad": 1.5079644737231006,
    "upper_limit_deg": 86.4,
    "width_m": 0.162172,
    "height_m": 0.029022,
    "depth_m": 0.067425,
    "bounding_box": {
      "min": [-0.14909935140009223, -0.01467413019194941, -0.006258101112289907],
      "max": [0.01307239455562385, 0.01434781326230758, 0.06116709791627539]
    },
    "grasp_point": [-0.07454967570004611, 0.05043670691699071, 0.0022982209309141445]
  }
}