{
  "asset_id": "99690139969531",
  "body_id": "9969013",
  "handle_id": "9969531",
  "door_type": "Window",
  "open_direction": "window",
  "coordinate_frame": "F_world: x=right, y=up, z=out-of-door",
  "door_body": {
    "mesh_scale": 1.0,
    "width_m": 0.649288,
    "height_m": 1.208895,
    "depth_m": 0.015481,
    "bounding_box": {
      "min": [-0.324666816459689, -0.6056669496924145, 0.028971835286962344],
      "max": [0.3246207014308311, 0.6032280899666915, 0.044453212081602134]
    }
  },
  "hinge": {
    "coordinate_frame": "F_world: origin=door_center, x=right, y=up, z=out-of-door",
    "position": [-0.30546158315543975, 0.5833843402065071, -0.0],
    "axis": [0.0, -1.0, -0.0],
    "lower_limit_rad": 0.0,
    "upper_limit_rad": 1.5079644737231006,
    "upper_limit_deg": 86.4
  },
  "handle": {
    "coordinate_frame": "position_on_door+rotation_axis: F_hinge (origin=hinge_joint, axes=F_world); bounding_box+grasp_point: F_handle (origin=handle_joint, axes=F_world)",
    "type": "window",
    "mesh_scale": 1.0,
    "position_on_door": [0.0, 0.0, -0.0],
    "rotation_axis": [0.0, 0.0, -1.0],
    "lower_limit_rad": 0.0,
    "upper_limit_rad": 1.5079644737231006,
    "upper_limit_deg": 86.4,
    "width_m": 0.01815,
    "height_m": 0.15,
    "depth_m": 0.062313,
    "bounding_box": {
      "min": [-0.009368470550079208, -0.009688160538772412, 0.009775887959898392],
      "max": [0.008781299719555226, 0.14031183946122758, 0.07208917441757469]
    },
    "grasp_point": [-0.00029358540990894876, 0.060975216958344146, -0.06781717444683052]
  },
  "lock": {
    "bounding_box": {
      "min": [-0.032670626573253994, -0.03299026894875275, -0.00024545553142607074],
      "max": [0.03208338572898472, 0.03176374363221147, 0.009775891465681382]
    }
  }
}