{
  "asset_id": "99690039962026",
  "body_id": "9969003",
  "handle_id": "9962026",
  "door_type": "RoundDoor",
  "open_direction": "right-pull",
  "coordinate_frame": "F_world: x=right, y=up, z=out-of-door",
  "door_body": {
    "mesh_scale": 1.0499165061329483,
    "width_m": 0.74535,
    "height_m": 1.85909,
    "depth_m": 0.128508,
    "bounding_box": {
      "min": [-0.3723602749107856, -0.9334087272561027, -0.06326984034081753],
      "max": [0.3729901504085283, 0.9256816082008319, 0.06523800813399955]
    }
  },
  "hinge": {
    "coordinate_frame": "F_world: origin=door_center, x=right, y=up, z=out-of-door",
    "position": [-0.35548661474075605, 0.9118568867319342, -0.0],
    "axis": [0.0, -1.0, -0.0],
    "lower_limit_rad": 0.0,
    "upper_limit_rad": 1.5079644737231006,
    "upper_limit_deg": 86.4
  },
  "handle": {
    "coordinate_frame": "position_on_door+rotation_axis: F_hinge (origin=hinge_joint, axes=F_world); bounding_box+grasp_point: F_handle (origin=handle_joint, axes=F_world)",
    "type": "round",
    "mesh_scale": 0.8126980225668411,
    "position_on_door": [0.6310941617696302, -1.0419557225686051, -0.012592001396840913],
    "rotation_axis": [0.0, 0.0, -1.0],
    "lower_limit_rad": 0.0,
    "upper_limit_rad": 1.5079644737231006,
    "upper_limit_deg": 86.4,
    "width_m": 0.067119,
    "height_m": 0.067119,
    "depth_m": 0.053501,
    "bounding_box": {
      "min": [-0.03256964522212746, -0.03349683907133551, 2.851380744936588e-05],
      "max": [0.034549169163000576, 0.033621975313792525, 0.053529637379852835]
    },
    "grasp_point": [0.0009897619938132856, 0.03165526308561122, -0.0]
  }
}