{
  "asset_id": "99611419961238",
  "body_id": "9961141",
  "handle_id": "9961238",
  "door_type": "Safe",
  "open_direction": "right-pull",
  "coordinate_frame": "F_world: x=right, y=up, z=out-of-door",
  "door_body": {
    "mesh_scale": 1.0,
    "width_m": 0.90969,
    "height_m": 0.492125,
    "depth_m": 0.938213,
    "bounding_box": {
      "min": [-0.6287442236915215, -0.25578320026397705, -0.8862103215056488],
      "max": [0.28094533449408, 0.236341793788597, 0.05200220097699115]
    }
  },
  "hinge": {
    "coordinate_frame": "F_world: origin=door_center, x=right, y=up, z=out-of-door",
    "position": [-0.5862813900457695, 0.0, -0.0],
    "axis": [0.0, -1.0, -0.0],
    "lower_limit_rad": 0.0,
    "upper_limit_rad": 1.5079644737231006,
    "upper_limit_deg": 86.4
  },
  "handle": {
    "coordinate_frame": "position_on_door+rotation_axis: F_hinge (origin=hinge_joint, axes=F_world); bounding_box+grasp_point: F_handle (origin=handle_joint, axes=F_world)",
    "type": "dial",
    "mesh_scale": 0.25,
    "position_on_door": [0.5862813900457695, 0.0, -0.000879415615476158],
    "rotation_axis": [0.0, 0.0, -1.0],
    "lower_limit_rad": 0.0,
    "upper_limit_rad": 1.5079644737231006,
    "upper_limit_deg": 86.4,
    "width_m": 0.101538,
    "height_m": 0.098778,
    "depth_m": 0.031867,
    "bounding_box": {
      "min": [-0.05142567417889382, -0.050072293487256045, 0.0002522041165117263],
      "max": [0.050112754464104306, 0.04870596701237345, 0.03211878333666174]
    },
    "grasp_point": [-0.0006564598297700286, 0.018685493618249893, 0.0006831632344983518]
  }
}