{
  "asset_id": "99614049960042",
  "body_id": "9961404",
  "handle_id": "9960042",
  "door_type": "Fridge",
  "open_direction": "fridge",
  "coordinate_frame": "F_world: x=right, y=up, z=out-of-door",
  "door_body": {
    "mesh_scale": 0.7,
    "width_m": 0.569093,
    "height_m": 1.100147,
    "depth_m": 0.388481,
    "bounding_box": {
      "min": [-0.47626796684720313, -0.7785837903746413, -0.4342174438992515],
      "max": [0.09282496665147927, 0.32156299265852223, -0.04573663903073466]
    }
  },
  "hinge": {
    "coordinate_frame": "F_world: origin=door_center, x=right, y=up, z=out-of-door",
    "position": [-0.4790247404884872, 0.6399048990104347, -0.0],
    "axis": [0.0, -1.0, -0.0],
    "lower_limit_rad": 0.0,
    "upper_limit_rad": 1.5079644737231006,
    "upper_limit_deg": 86.4
  },
  "handle": {
    "coordinate_frame": "position_on_door+rotation_axis: F_hinge (origin=hinge_joint, axes=F_world); bounding_box+grasp_point: F_handle (origin=handle_joint, axes=F_world)",
    "type": "lever",
    "mesh_scale": 1.0,
    "position_on_door": [0.4790247404884872, -0.6399048990104347, -0.03041693019477198],
    "rotation_axis": [0.0, 0.0, -1.0],
    "lower_limit_rad": 0.0,
    "upper_limit_rad": 1.5079644737231006,
    "upper_limit_deg": 86.4,
    "width_m": 0.129829,
    "height_m": 0.066788,
    "depth_m": 0.043805,
    "bounding_box": {
      "min": [-0.09639530628919601, -0.03347329504489893, 0.00014121244440901126],
      "max": [0.03343374668815091, 0.03331423361649721, 0.04394628587663177]
    },
    "grasp_point": [-0.04819765314459801, 0.034043747931718826, -0.0]
  }
}