{
  "asset_id": "99691179960010",
  "body_id": "9969117",
  "handle_id": "9960010",
  "door_type": "LeverDoor",
  "open_direction": "right-pull",
  "coordinate_frame": "F_world: x=right, y=up, z=out-of-door",
  "door_body": {
    "mesh_scale": 1.1401096993775002,
    "width_m": 0.826127,
    "height_m": 1.84204,
    "depth_m": 0.11722,
    "bounding_box": {
      "min": [-0.41320597308367846, -0.9219569115138299, -0.056159922440748335],
      "max": [0.41292096631740755, 0.920083008558965, 0.06106052357987034]
    }
  },
  "hinge": {
    "coordinate_frame": "F_world: origin=door_center, x=right, y=up, z=out-of-door",
    "position": [-0.36185411661185635, 0.8678575135706952, -0.0],
    "axis": [0.0, -1.0, -0.0],
    "lower_limit_rad": 0.0,
    "upper_limit_rad": 1.5079644737231006,
    "upper_limit_deg": 86.4
  },
  "handle": {
    "coordinate_frame": "position_on_door+rotation_axis: F_hinge (origin=hinge_joint, axes=F_world); bounding_box+grasp_point: F_handle (origin=handle_joint, axes=F_world)",
    "type": "lever",
    "mesh_scale": 1.2842489731592692,
    "position_on_door": [0.64286155131, -0.9862201602012457, -0.016992455370629916],
    "rotation_axis": [0.0, 0.0, -1.0],
    "lower_limit_rad": 0.0,
    "upper_limit_rad": 1.5079644737231006,
    "upper_limit_deg": 86.4,
    "width_m": 0.133531,
    "height_m": 0.052521,
    "depth_m": 0.074066,
    "bounding_box": {
      "min": [-0.10689022840177739, -0.0265785677386408, 0.0012907991806952953],
      "max": [0.026640857312936993, 0.02594219175508398, 0.0753572584697462]
    },
    "grasp_point": [-0.053445114200888696, 0.0665775046511038, 0.0012842490341578223]
  }
}