{
  "asset_id": "99611539961209",
  "body_id": "9961153",
  "handle_id": "9961209",
  "door_type": "Safe",
  "open_direction": "right-pull",
  "coordinate_frame": "F_world: x=right, y=up, z=out-of-door",
  "door_body": {
    "mesh_scale": 0.6,
    "width_m": 0.664595,
    "height_m": 0.725013,
    "depth_m": 0.704873,
    "bounding_box": {
      "min": [-0.3382157564163208, -0.41971730990100764, -0.6240546862498703],
      "max": [0.32637906074523926, 0.30529574904894524, 0.08081877537414457]
    }
  },
  "hinge": {
    "coordinate_frame": "F_world: origin=door_center, x=right, y=up, z=out-of-door",
    "position": [-0.2650474268943071, 0.0, -0.0],
    "axis": [0.0, -1.0, -0.0],
    "lower_limit_rad": 0.0,
    "upper_limit_rad": 1.5079644737231006,
    "upper_limit_deg": 86.4
  },
  "handle": {
    "coordinate_frame": "position_on_door+rotation_axis: F_hinge (origin=hinge_joint, axes=F_world); bounding_box+grasp_point: F_handle (origin=handle_joint, axes=F_world)",
    "type": "dial",
    "mesh_scale": 1.0,
    "position_on_door": [0.2650474268943071, 0.0, -0.08191116399720615],
    "rotation_axis": [0.0, 0.0, -1.0],
    "lower_limit_rad": 0.0,
    "upper_limit_rad": 1.5079644737231006,
    "upper_limit_deg": 86.4,
    "width_m": 0.253164,
    "height_m": 0.208882,
    "depth_m": 0.065316,
    "bounding_box": {
      "min": [-0.10904294251313881, -0.10011390510576725, 0.00025094847439523227],
      "max": [0.14412104012619154, 0.10876773799404324, 0.06556690242384335]
    },
    "grasp_point": [-0.0004609511815942824, 0.044908925890922546, -0.00032691642991267145]
  }
}