{
  "asset_id": "99689669960001",
  "body_id": "9968966",
  "handle_id": "9960001",
  "door_type": "LeverDoor",
  "open_direction": "right-pull",
  "coordinate_frame": "F_world: x=right, y=up, z=out-of-door",
  "door_body": {
    "mesh_scale": 0.944786847007084,
    "width_m": 0.813187,
    "height_m": 1.715899,
    "depth_m": 0.111907,
    "bounding_box": {
      "min": [-0.4038557557824202, -0.8720241088598742, -0.06000910839941257],
      "max": [0.40933079743494566, 0.8438750936474855, 0.051898134412876]
    }
  },
  "hinge": {
    "coordinate_frame": "F_world: origin=door_center, x=right, y=up, z=out-of-door",
    "position": [-0.35946871844125006, 0.7991129768991333, -0.0],
    "axis": [0.0, -1.0, -0.0],
    "lower_limit_rad": 0.0,
    "upper_limit_rad": 1.5079644737231006,
    "upper_limit_deg": 86.4
  },
  "handle": {
    "coordinate_frame": "position_on_door+rotation_axis: F_hinge (origin=hinge_joint, axes=F_world); bounding_box+grasp_point: F_handle (origin=handle_joint, axes=F_world)",
    "type": "lever",
    "mesh_scale": 0.8870543442197313,
    "position_on_door": [0.6506499511607011, -0.8749643877794986, -0.0307654215417261],
    "rotation_axis": [0.0, 0.0, -1.0],
    "lower_limit_rad": 0.0,
    "upper_limit_rad": 1.5079644737231006,
    "upper_limit_deg": 86.4,
    "width_m": 0.133945,
    "height_m": 0.044353,
    "depth_m": 0.058439,
    "bounding_box": {
      "min": [-0.11176883050079571, -0.022176353134834795, -4.46924820554856e-09],
      "max": [0.022176364111171493, 0.02217636391025944, 0.05843868433766438]
    },
    "grasp_point": [-0.05588441797560669, 0.04696042553125028, -0.0]
  }
}