{
  "asset_id": "99690139969525",
  "body_id": "9969013",
  "handle_id": "9969525",
  "door_type": "Window",
  "open_direction": "window",
  "coordinate_frame": "F_world: x=right, y=up, z=out-of-door",
  "door_body": {
    "mesh_scale": 1.0,
    "width_m": 0.649288,
    "height_m": 1.208895,
    "depth_m": 0.015481,
    "bounding_box": {
      "min": [-0.324666816459689, -0.6056669496924145, 0.028971835286962344],
      "max": [0.3246207014308311, 0.6032280899666915, 0.044453212081602134]
    }
  },
  "hinge": {
    "coordinate_frame": "F_world: origin=door_center, x=right, y=up, z=out-of-door",
    "position": [-0.30546158315543975, 0.5833843402065071, -0.0],
    "axis": [0.0, -1.0, -0.0],
    "lower_limit_rad": 0.0,
    "upper_limit_rad": 1.5079644737231006,
    "upper_limit_deg": 86.4
  },
  "handle": {
    "coordinate_frame": "position_on_door+rotation_axis: F_hinge (origin=hinge_joint, axes=F_world); bounding_box+grasp_point: F_handle (origin=handle_joint, axes=F_world)",
    "type": "window",
    "mesh_scale": 1.0,
    "position_on_door": [0.0, 0.0, -0.0],
    "rotation_axis": [0.0, 0.0, -1.0],
    "lower_limit_rad": 0.0,
    "upper_limit_rad": 1.5079644737231006,
    "upper_limit_deg": 86.4,
    "width_m": 0.030785,
    "height_m": 0.15,
    "depth_m": 0.059095,
    "bounding_box": {
      "min": [-0.014828575340443512, -0.015246790928648758, 0.012798660562138723],
      "max": [0.01595601755603489, 0.13475320907135124, 0.07189359879036315]
    },
    "grasp_point": [0.000563721117326201, 0.06282398852220583, -0.07255186957291994]
  },
  "lock": {
    "bounding_box": {
      "min": [-0.0186003556361236, -0.03828440051246832, -1.6832205847253882e-09],
      "max": [0.019795618840812337, 0.0385075731782022, 0.012798662799690035]
    }
  }
}