{
  "asset_id": "99690189969508",
  "body_id": "9969018",
  "handle_id": "9969508",
  "door_type": "Window",
  "open_direction": "window",
  "coordinate_frame": "F_world: x=right, y=up, z=out-of-door",
  "door_body": {
    "mesh_scale": 1.0,
    "width_m": 1.071127,
    "height_m": 0.827689,
    "depth_m": 0.110764,
    "bounding_box": {
      "min": [-0.29712118208408356, -0.4184643393130002, -0.09536519371253271],
      "max": [0.7740058153867722, 0.4092246605215529, 0.015398801073470372]
    }
  },
  "hinge": {
    "coordinate_frame": "F_world: origin=door_center, x=right, y=up, z=out-of-door",
    "position": [-0.23565320670604706, 0.34836465252022536, -0.0],
    "axis": [0.0, -1.0, -0.0],
    "lower_limit_rad": 0.0,
    "upper_limit_rad": 1.5079644737231006,
    "upper_limit_deg": 86.4
  },
  "handle": {
    "coordinate_frame": "position_on_door+rotation_axis: F_hinge (origin=hinge_joint, axes=F_world); bounding_box+grasp_point: F_handle (origin=handle_joint, axes=F_world)",
    "type": "window",
    "mesh_scale": 1.0,
    "position_on_door": [0.0, 0.0, -0.0],
    "rotation_axis": [0.0, 0.0, -1.0],
    "lower_limit_rad": 0.0,
    "upper_limit_rad": 1.5079644737231006,
    "upper_limit_deg": 86.4,
    "width_m": 0.029257,
    "height_m": 0.15,
    "depth_m": 0.054676,
    "bounding_box": {
      "min": [-0.014646835792508845, -0.014957773057483055, 0.01350546272078266],
      "max": [0.014610393452208577, 0.13504222694251694, 0.06818189967475972]
    },
    "grasp_point": [-1.8221170176499368e-05, 0.060341559468566563, -0.0673539307602096]
  },
  "lock": {
    "bounding_box": {
      "min": [-0.018319484191764292, -0.04073784915731899, 0.00010064843996281618],
      "max": [0.01827807626624103, 0.04090946075784042, 0.013505439737614321]
    }
  }
}