{
  "asset_id": "99613149962041",
  "body_id": "9961314",
  "handle_id": "9962041",
  "door_type": "Cabinet",
  "open_direction": "right-pull",
  "coordinate_frame": "F_world: x=right, y=up, z=out-of-door",
  "door_body": {
    "mesh_scale": 0.8,
    "width_m": 1.273461,
    "height_m": 0.906858,
    "depth_m": 0.463077,
    "bounding_box": {
      "min": [-1.2132633686065675, -0.4992118775626053, -0.4744961845843756],
      "max": [0.060197448730468756, 0.4076457909894181, -0.011419333891965033]
    }
  },
  "hinge": {
    "coordinate_frame": "F_world: origin=door_center, x=right, y=up, z=out-of-door",
    "position": [-0.7429513394832612, 0.4004105936485445, -0.0],
    "axis": [0.0, -1.0, -0.0],
    "lower_limit_rad": 0.0,
    "upper_limit_rad": 1.5079644737231006,
    "upper_limit_deg": 86.4
  },
  "handle": {
    "coordinate_frame": "position_on_door+rotation_axis: F_hinge (origin=hinge_joint, axes=F_world); bounding_box+grasp_point: F_handle (origin=handle_joint, axes=F_world)",
    "type": "round",
    "mesh_scale": 1.218982641150553,
    "position_on_door": [0.7429513394832612, -0.4004105936485445, -0.014583731939361978],
    "rotation_axis": [0.0, 0.0, -1.0],
    "lower_limit_rad": 0.0,
    "upper_limit_rad": 1.5079644737231006,
    "upper_limit_deg": 86.4,
    "width_m": 0.066169,
    "height_m": 0.066169,
    "depth_m": 0.092567,
    "bounding_box": {
      "min": [-0.03306862952121535, -0.033109071862438326, 0.00018600212536962386],
      "max": [0.033100217374809525, 0.03305989850761367, 0.09275265631762583]
    },
    "grasp_point": [1.579392663472925e-05, 0.06536356051526952, -0.0]
  }
}