{
  "asset_id": "99665039962011",
  "body_id": "9966503",
  "handle_id": "9962011",
  "door_type": "RoundDoor",
  "open_direction": "right-pull",
  "coordinate_frame": "F_world: x=right, y=up, z=out-of-door",
  "door_body": {
    "mesh_scale": 0.780177893225863,
    "width_m": 0.663151,
    "height_m": 1.872427,
    "depth_m": 0.093621,
    "bounding_box": {
      "min": [-0.3315643595046243, -0.9365420589822956, -0.04695076119769052],
      "max": [0.33158688867182157, 0.9358848764166169, 0.046670607000138815]
    }
  },
  "hinge": {
    "coordinate_frame": "F_world: origin=door_center, x=right, y=up, z=out-of-door",
    "position": [-0.3315644592064681, 0.9085787293538666, -0.0],
    "axis": [0.0, -1.0, -0.0],
    "lower_limit_rad": 0.0,
    "upper_limit_rad": 1.5079644737231006,
    "upper_limit_deg": 86.4
  },
  "handle": {
    "coordinate_frame": "position_on_door+rotation_axis: F_hinge (origin=hinge_joint, axes=F_world); bounding_box+grasp_point: F_handle (origin=handle_joint, axes=F_world)",
    "type": "round",
    "mesh_scale": 1.2317828195024778,
    "position_on_door": [0.5572721446800101, -1.0451207839434795, -0.04695094883249122],
    "rotation_axis": [0.0, 0.0, -1.0],
    "lower_limit_rad": 0.0,
    "upper_limit_rad": 1.5079644737231006,
    "upper_limit_deg": 86.4,
    "width_m": 0.062575,
    "height_m": 0.062575,
    "depth_m": 0.054753,
    "bounding_box": {
      "min": [-0.03128631042254954, -0.031287333713484515, 0.0002142922512710421],
      "max": [0.03128825605195056, 0.03128723630420193, 0.05496704080344807]
    },
    "grasp_point": [9.728147005085844e-07, 0.03744492955530274, -0.0]
  }
}