{
  "asset_id": "99690099969502",
  "body_id": "9969009",
  "handle_id": "9969502",
  "door_type": "Window",
  "open_direction": "window",
  "coordinate_frame": "F_world: x=right, y=up, z=out-of-door",
  "door_body": {
    "mesh_scale": 1.0,
    "width_m": 0.74,
    "height_m": 1.44,
    "depth_m": 0.14,
    "bounding_box": {
      "min": [-0.3691137135028839, -0.7724195122718811, -0.06879751280630675],
      "max": [0.37088631226781743, 0.6675803650397967, 0.07120247930288315]
    }
  },
  "hinge": {
    "coordinate_frame": "F_world: origin=door_center, x=right, y=up, z=out-of-door",
    "position": [-0.3491137126836251, 0.647580471711553, -0.0],
    "axis": [0.0, -1.0, -0.0],
    "lower_limit_rad": 0.0,
    "upper_limit_rad": 1.5079644737231006,
    "upper_limit_deg": 86.4
  },
  "handle": {
    "coordinate_frame": "position_on_door+rotation_axis: F_hinge (origin=hinge_joint, axes=F_world); bounding_box+grasp_point: F_handle (origin=handle_joint, axes=F_world)",
    "type": "window",
    "mesh_scale": 1.0,
    "position_on_door": [0.0, 0.0, -0.0],
    "rotation_axis": [0.0, 0.0, -1.0],
    "lower_limit_rad": 0.0,
    "upper_limit_rad": 1.5079644737231006,
    "upper_limit_deg": 86.4,
    "width_m": 0.029313,
    "height_m": 0.15,
    "depth_m": 0.054664,
    "bounding_box": {
      "min": [-0.014824271514600956, -0.015236535652493676, 0.013054296810749148],
      "max": [0.014489149266280475, 0.1347634643475063, 0.06771803405974135]
    },
    "grasp_point": [-0.00024306121234325462, 0.06274421251311277, -0.0731000653107638]
  },
  "lock": {
    "bounding_box": {
      "min": [-0.018518070065513176, -0.040814181453297294, -0.0],
      "max": [0.01803194765214879, 0.0408142052001846, 0.013401678986890946]
    }
  }
}