{
  "asset_id": "99655089962029",
  "body_id": "9965508",
  "handle_id": "9962029",
  "door_type": "RoundDoor",
  "open_direction": "right-pull",
  "coordinate_frame": "F_world: x=right, y=up, z=out-of-door",
  "door_body": {
    "mesh_scale": 0.8023904493137358,
    "width_m": 1.505638,
    "height_m": 1.843868,
    "depth_m": 0.244569,
    "bounding_box": {
      "min": [-0.7496907862768055, -0.9090165200916578, -0.0709678335940164],
      "max": [0.7559474387705944, 0.9348515935122522, 0.17360077240120855]
    }
  },
  "hinge": {
    "coordinate_frame": "F_world: origin=door_center, x=right, y=up, z=out-of-door",
    "position": [-0.37226065927907914, 0.8182492597492138, -0.0],
    "axis": [0.0, -1.0, -0.0],
    "lower_limit_rad": 0.0,
    "upper_limit_rad": 1.5079644737231006,
    "upper_limit_deg": 86.4
  },
  "handle": {
    "coordinate_frame": "position_on_door+rotation_axis: F_hinge (origin=hinge_joint, axes=F_world); bounding_box+grasp_point: F_handle (origin=handle_joint, axes=F_world)",
    "type": "round",
    "mesh_scale": 1.222368994223632,
    "position_on_door": [0.6714978177312606, -0.9056112678517161, -0.07096783359400255],
    "rotation_axis": [0.0, 0.0, -1.0],
    "lower_limit_rad": 0.0,
    "upper_limit_rad": 1.5079644737231006,
    "upper_limit_deg": 86.4,
    "width_m": 0.062096,
    "height_m": 0.062096,
    "depth_m": 0.054334,
    "bounding_box": {
      "min": [-0.031128396524099457, -0.031064515233263323, -4.688154277686473e-09],
      "max": [0.03096794763201469, 0.031031832438958573, 0.054334299313371394]
    },
    "grasp_point": [-8.022444604238434e-05, 0.03939083824508078, -0.0]
  }
}