{
  "asset_id": "99614029960013",
  "body_id": "9961402",
  "handle_id": "9960013",
  "door_type": "Fridge",
  "open_direction": "fridge",
  "coordinate_frame": "F_world: x=right, y=up, z=out-of-door",
  "door_body": {
    "mesh_scale": 0.7,
    "width_m": 0.7,
    "height_m": 1.099,
    "depth_m": 0.56,
    "bounding_box": {
      "min": [-0.5950130968736044, -0.7279489040374756, -0.5177987337112426],
      "max": [0.10498692081396967, 0.37105101645775274, 0.04220119902799264]
    }
  },
  "hinge": {
    "coordinate_frame": "F_world: origin=door_center, x=right, y=up, z=out-of-door",
    "position": [-0.5950132334630519, 0.37105121993370244, -0.0],
    "axis": [0.0, -1.0, -0.0],
    "lower_limit_rad": 0.0,
    "upper_limit_rad": 1.5079644737231006,
    "upper_limit_deg": 86.4
  },
  "handle": {
    "coordinate_frame": "position_on_door+rotation_axis: F_hinge (origin=hinge_joint, axes=F_world); bounding_box+grasp_point: F_handle (origin=handle_joint, axes=F_world)",
    "type": "lever",
    "mesh_scale": 1.0,
    "position_on_door": [0.5950132334630519, -0.37105121993370244, -0.041878916448044735],
    "rotation_axis": [0.0, 0.0, -1.0],
    "lower_limit_rad": 0.0,
    "upper_limit_rad": 1.5079644737231006,
    "upper_limit_deg": 86.4,
    "width_m": 0.13911,
    "height_m": 0.064916,
    "depth_m": 0.058738,
    "bounding_box": {
      "min": [-0.10665177368973033, -0.032814360939698174, 0.00017442211314963303],
      "max": [0.0324578294646134, 0.03210127982203312, 0.05891192506875385]
    },
    "grasp_point": [-0.05332588776946068, 0.05554317310452461, 0.0010000000474974513]
  }
}