{
  "asset_id": "99691649960048",
  "body_id": "9969164",
  "handle_id": "9960048",
  "door_type": "LeverDoor",
  "open_direction": "right-pull",
  "coordinate_frame": "F_world: x=right, y=up, z=out-of-door",
  "door_body": {
    "mesh_scale": 0.9819213144505309,
    "width_m": 0.669372,
    "height_m": 1.840773,
    "depth_m": 0.100405,
    "bounding_box": {
      "min": [-0.3349059823404065, -0.9222872630886899, -0.05022622769868525],
      "max": [0.33446584779156874, 0.9184852919863983, 0.05017919782611941]
    }
  },
  "hinge": {
    "coordinate_frame": "F_world: origin=door_center, x=right, y=up, z=out-of-door",
    "position": [-0.31814110873760876, 0.9017513457001962, -0.0],
    "axis": [0.0, -1.0, -0.0],
    "lower_limit_rad": 0.0,
    "upper_limit_rad": 1.5079644737231006,
    "upper_limit_deg": 86.4
  },
  "handle": {
    "coordinate_frame": "position_on_door+rotation_axis: F_hinge (origin=hinge_joint, axes=F_world); bounding_box+grasp_point: F_handle (origin=handle_joint, axes=F_world)",
    "type": "lever",
    "mesh_scale": 1.0,
    "position_on_door": [0.0, 0.0, -0.0],
    "rotation_axis": [0.0, 0.0, -1.0],
    "lower_limit_rad": 0.0,
    "upper_limit_rad": 1.5079644737231006,
    "upper_limit_deg": 86.4,
    "width_m": 0.146083,
    "height_m": 0.027052,
    "depth_m": 0.053985,
    "bounding_box": {
      "min": [-0.13092567293705282, -0.0126153577093286, 0.013115206435726362],
      "max": [0.015157060413173237, 0.014437009961979445, 0.06710014060262581]
    },
    "grasp_point": [-0.06546283661916344, 0.05958536980104263, 0.0]
  },
  "lock": {
    "bounding_box": {
      "min": [-0.029133922589553423, -0.10623875427497616, 0.00013008000965380106],
      "max": [0.029299169509620065, 0.0292063352146894, 0.01424020028126381]
    }
  }
}