{
  "asset_id": "99655079960021",
  "body_id": "9965507",
  "handle_id": "9960021",
  "door_type": "LeverDoor",
  "open_direction": "right-pull",
  "coordinate_frame": "F_world: x=right, y=up, z=out-of-door",
  "door_body": {
    "mesh_scale": 0.8564854502137254,
    "width_m": 0.781115,
    "height_m": 1.827253,
    "depth_m": 0.085649,
    "bounding_box": {
      "min": [-0.3905290069427918, -0.9078836221158718, -0.04282427232056635],
      "max": [0.3905856736985178, 0.919369482634153, 0.04282435219099635]
    }
  },
  "hinge": {
    "coordinate_frame": "F_world: origin=door_center, x=right, y=up, z=out-of-door",
    "position": [-0.3420651232196344, 0.8741909779967006, -0.0],
    "axis": [0.0, -1.0, -0.0],
    "lower_limit_rad": 0.0,
    "upper_limit_rad": 1.5079644737231006,
    "upper_limit_deg": 86.4
  },
  "handle": {
    "coordinate_frame": "position_on_door+rotation_axis: F_hinge (origin=hinge_joint, axes=F_world); bounding_box+grasp_point: F_handle (origin=handle_joint, axes=F_world)",
    "type": "lever",
    "mesh_scale": 1.3107970994971148,
    "position_on_door": [0.604513891019498, -0.955963687486852, -0.015106478101231653],
    "rotation_axis": [0.0, 0.0, -1.0],
    "lower_limit_rad": 0.0,
    "upper_limit_rad": 1.5079644737231006,
    "upper_limit_deg": 86.4,
    "width_m": 0.168541,
    "height_m": 0.091559,
    "depth_m": 0.060692,
    "bounding_box": {
      "min": [-0.12276143457034672, -0.045779584144494484, 3.968977936446787e-09],
      "max": [0.045779588146681226, 0.04577959214886911, 0.060691743953471315]
    },
    "grasp_point": [-0.0613807197145593, 0.05656181810854335, 0.0]
  }
}