{
  "asset_id": "99611619961214",
  "body_id": "9961161",
  "handle_id": "9961214",
  "door_type": "Safe",
  "open_direction": "right-pull",
  "coordinate_frame": "F_world: x=right, y=up, z=out-of-door",
  "door_body": {
    "mesh_scale": 0.6,
    "width_m": 0.700244,
    "height_m": 0.490171,
    "depth_m": 0.420146,
    "bounding_box": {
      "min": [-0.34988491237163544, -0.2578182275541008, -0.4562618401234556],
      "max": [0.3503595024347305, 0.23235301612400053, -0.036115424241779125]
    }
  },
  "hinge": {
    "coordinate_frame": "F_world: origin=door_center, x=right, y=up, z=out-of-door",
    "position": [-0.3503097487362929, 0.0, -0.0],
    "axis": [0.0, -1.0, -0.0],
    "lower_limit_rad": 0.0,
    "upper_limit_rad": 1.5079644737231006,
    "upper_limit_deg": 86.4
  },
  "handle": {
    "coordinate_frame": "position_on_door+rotation_axis: F_hinge (origin=hinge_joint, axes=F_world); bounding_box+grasp_point: F_handle (origin=handle_joint, axes=F_world)",
    "type": "dial",
    "mesh_scale": 0.7,
    "position_on_door": [0.3503097487362929, 0.0, -0.026499251048430976],
    "rotation_axis": [0.0, 0.0, -1.0],
    "lower_limit_rad": 0.0,
    "upper_limit_rad": 1.5079644737231006,
    "upper_limit_deg": 86.4,
    "width_m": 0.18515,
    "height_m": 0.184688,
    "depth_m": 0.035591,
    "bounding_box": {
      "min": [-0.09260710571392321, -0.09261705505162446, 0.00011436901290775847],
      "max": [0.0925427490558208, 0.09207078689556475, 0.035705847020486264]
    },
    "grasp_point": [-3.217832927475683e-05, 0.022110107913613317, 0.0002731340733589604]
  }
}