{
  "asset_id": "99670189968006",
  "body_id": "9967018",
  "handle_id": "9968006",
  "door_type": "Car",
  "open_direction": "car",
  "coordinate_frame": "F_world: x=right, y=up, z=out-of-door",
  "door_body": {
    "mesh_scale": 1.0,
    "width_m": 4.0,
    "height_m": 1.958506,
    "depth_m": 1.985962,
    "bounding_box": {
      "min": [-2.356568277531834, -0.8711132676651897, -1.9415290997907526],
      "max": [1.6434317224681654, 1.0873925607818644, 0.04443336319160627]
    }
  },
  "hinge": {
    "coordinate_frame": "F_world: origin=door_center, x=right, y=up, z=out-of-door",
    "position": [-1.0933330018041565, 0.5556881008435149, -0.0],
    "axis": [0.0, -1.0, -0.0],
    "lower_limit_rad": 0.0,
    "upper_limit_rad": 1.5079644737231006,
    "upper_limit_deg": 86.4
  },
  "handle": {
    "coordinate_frame": "position_on_door+rotation_axis: F_hinge (origin=hinge_joint, axes=F_world); bounding_box+grasp_point: F_handle (origin=handle_joint, axes=F_world)",
    "type": "car",
    "mesh_scale": 0.8640789114606462,
    "position_on_door": [1.0833330018041565, -0.5556881008435149, -0.005],
    "rotation_axis": [0.0, -1.0, -0.0],
    "lower_limit_rad": 0.0,
    "upper_limit_rad": 0.17453,
    "upper_limit_deg": 10.0,
    "width_m": 0.2,
    "height_m": 0.03822,
    "depth_m": 0.040369,
    "bounding_box": {
      "min": [-0.01826077439700545, -0.019066089958822828, 0.00034495150594039757],
      "max": [0.18173922560299455, 0.019153501418196557, 0.04071424695713279]
    },
    "grasp_point": [0.08214707822668736, 0.020529457723590508, -0.004320394460734888]
  }
}