{
  "asset_id": "99690139969533",
  "body_id": "9969013",
  "handle_id": "9969533",
  "door_type": "Window",
  "open_direction": "window",
  "coordinate_frame": "F_world: x=right, y=up, z=out-of-door",
  "door_body": {
    "mesh_scale": 1.0,
    "width_m": 0.649288,
    "height_m": 1.208895,
    "depth_m": 0.015481,
    "bounding_box": {
      "min": [-0.324666816459689, -0.6056669496924145, 0.028971835286962344],
      "max": [0.3246207014308311, 0.6032280899666915, 0.044453212081602134]
    }
  },
  "hinge": {
    "coordinate_frame": "F_world: origin=door_center, x=right, y=up, z=out-of-door",
    "position": [-0.30546158315543975, 0.5833843402065071, -0.0],
    "axis": [0.0, -1.0, -0.0],
    "lower_limit_rad": 0.0,
    "upper_limit_rad": 1.5079644737231006,
    "upper_limit_deg": 86.4
  },
  "handle": {
    "coordinate_frame": "position_on_door+rotation_axis: F_hinge (origin=hinge_joint, axes=F_world); bounding_box+grasp_point: F_handle (origin=handle_joint, axes=F_world)",
    "type": "window",
    "mesh_scale": 1.453625620764206,
    "position_on_door": [0.57960002006893, -0.5833843402065071, -0.028971898873196622],
    "rotation_axis": [0.0, 0.0, -1.0],
    "lower_limit_rad": 0.0,
    "upper_limit_rad": 1.5079644737231006,
    "upper_limit_deg": 86.4,
    "width_m": 0.079952,
    "height_m": 0.15,
    "depth_m": 0.038904,
    "bounding_box": {
      "min": [-0.04010942341467923, -0.018152184622135904, 0.00044686426169388016],
      "max": [0.03984252411923857, 0.1318478153778641, 0.03935128509019457]
    },
    "grasp_point": [-0.0001334496440177987, 0.031528080827116695, -0.06266231580028561]
  }
}