{
  "asset_id": "99690139969532",
  "body_id": "9969013",
  "handle_id": "9969532",
  "door_type": "Window",
  "open_direction": "window",
  "coordinate_frame": "F_world: x=right, y=up, z=out-of-door",
  "door_body": {
    "mesh_scale": 1.0,
    "width_m": 0.649288,
    "height_m": 1.208895,
    "depth_m": 0.015481,
    "bounding_box": {
      "min": [-0.324666816459689, -0.6056669496924145, 0.028971835286962344],
      "max": [0.3246207014308311, 0.6032280899666915, 0.044453212081602134]
    }
  },
  "hinge": {
    "coordinate_frame": "F_world: origin=door_center, x=right, y=up, z=out-of-door",
    "position": [-0.30546158315543975, 0.5833843402065071, -0.0],
    "axis": [0.0, -1.0, -0.0],
    "lower_limit_rad": 0.0,
    "upper_limit_rad": 1.5079644737231006,
    "upper_limit_deg": 86.4
  },
  "handle": {
    "coordinate_frame": "position_on_door+rotation_axis: F_hinge (origin=hinge_joint, axes=F_world); bounding_box+grasp_point: F_handle (origin=handle_joint, axes=F_world)",
    "type": "window",
    "mesh_scale": 1.0,
    "position_on_door": [0.0, 0.0, -0.0],
    "rotation_axis": [0.0, 0.0, -1.0],
    "lower_limit_rad": 0.0,
    "upper_limit_rad": 1.5079644737231006,
    "upper_limit_deg": 86.4,
    "width_m": 0.02371,
    "height_m": 0.15,
    "depth_m": 0.055932,
    "bounding_box": {
      "min": [-0.017791075817455298, -0.005733425834844293, 0.0036085010807194837],
      "max": [0.005919176585111142, 0.1442665741651557, 0.059540016606148556]
    },
    "grasp_point": [-0.005935949935189909, 0.05322516609254329, -0.07215336363337939]
  },
  "lock": {
    "bounding_box": {
      "min": [-0.02153275974384859, -0.010757874618206913, -7.667731439432522e-09],
      "max": [0.021769065159782566, 0.010893041364578193, 0.0036084847023899447]
    }
  }
}