{
  "asset_id": "99660059960030",
  "body_id": "9966005",
  "handle_id": "9960030",
  "door_type": "LeverDoor",
  "open_direction": "right-pull",
  "coordinate_frame": "F_world: x=right, y=up, z=out-of-door",
  "door_body": {
    "mesh_scale": 0.7505285423178615,
    "width_m": 1.143806,
    "height_m": 1.830089,
    "depth_m": 0.115728,
    "bounding_box": {
      "min": [-0.38257487748330643, -0.7985811717664931, -0.057962166935452496],
      "max": [0.7612309199112703, 1.0315077036990865, 0.0577659845638661]
    }
  },
  "hinge": {
    "coordinate_frame": "F_world: origin=door_center, x=right, y=up, z=out-of-door",
    "position": [-0.3426210038739217, 0.8027465129428648, -0.0],
    "axis": [0.0, -1.0, -0.0],
    "lower_limit_rad": 0.0,
    "upper_limit_rad": 1.5079644737231006,
    "upper_limit_deg": 86.4
  },
  "handle": {
    "coordinate_frame": "position_on_door+rotation_axis: F_hinge (origin=hinge_joint, axes=F_world); bounding_box+grasp_point: F_handle (origin=handle_joint, axes=F_world)",
    "type": "lever",
    "mesh_scale": 1.1945034899157454,
    "position_on_door": [0.6062832908015859, -0.8013276785370338, -0.0385390127151129],
    "rotation_axis": [0.0, 0.0, -1.0],
    "lower_limit_rad": 0.0,
    "upper_limit_rad": 1.5079644737231006,
    "upper_limit_deg": 86.4,
    "width_m": 0.165886,
    "height_m": 0.06092,
    "depth_m": 0.075254,
    "bounding_box": {
      "min": [-0.1348170201976624, -0.030371478463124726, 0.0006643402865896935],
      "max": [0.03106942867018852, 0.030548198672435987, 0.07591807064777857]
    },
    "grasp_point": [-0.06740851172876368, 0.06218127348128311, -0.0]
  }
}