{
  "asset_id": "99690149969505",
  "body_id": "9969014",
  "handle_id": "9969505",
  "door_type": "Window",
  "open_direction": "window",
  "coordinate_frame": "F_world: x=right, y=up, z=out-of-door",
  "door_body": {
    "mesh_scale": 1.0,
    "width_m": 0.969847,
    "height_m": 1.65,
    "depth_m": 0.05,
    "bounding_box": {
      "min": [-0.48153571043021337, -0.8250511884689331, -0.025453273443489084],
      "max": [0.48831166859606334, 0.8249488526256528, 0.02454672633372095]
    }
  },
  "hinge": {
    "coordinate_frame": "F_world: origin=door_center, x=right, y=up, z=out-of-door",
    "position": [-0.45913108715676143, 0.8025442126986633, -0.0],
    "axis": [0.0, -1.0, -0.0],
    "lower_limit_rad": 0.0,
    "upper_limit_rad": 1.5079644737231006,
    "upper_limit_deg": 86.4
  },
  "handle": {
    "coordinate_frame": "position_on_door+rotation_axis: F_hinge (origin=hinge_joint, axes=F_world); bounding_box+grasp_point: F_handle (origin=handle_joint, axes=F_world)",
    "type": "window",
    "mesh_scale": 1.0,
    "position_on_door": [0.0, 0.0, -0.0],
    "rotation_axis": [0.0, 0.0, -1.0],
    "lower_limit_rad": 0.0,
    "upper_limit_rad": 1.5079644737231006,
    "upper_limit_deg": 86.4,
    "width_m": 0.025095,
    "height_m": 0.15,
    "depth_m": 0.051057,
    "bounding_box": {
      "min": [-0.012448914809745956, -0.01257087832749064, 0.007533318614820756],
      "max": [0.01264587760398196, 0.13742912167250934, 0.05858982444934883]
    },
    "grasp_point": [9.848139591728932e-05, 0.051882659958953393, -0.06744808009171759]
  },
  "lock": {
    "bounding_box": {
      "min": [-0.015585321848489441, -0.04320557810905685, 3.1156223471596105e-05],
      "max": [0.015783159934912836, 0.04713565252966906, 0.007559596043380082]
    }
  }
}