{
  "asset_id": "99660089960018",
  "body_id": "9966008",
  "handle_id": "9960018",
  "door_type": "LeverDoor",
  "open_direction": "right-pull",
  "coordinate_frame": "F_world: x=right, y=up, z=out-of-door",
  "door_body": {
    "mesh_scale": 0.7995914648007917,
    "width_m": 1.047465,
    "height_m": 1.72312,
    "depth_m": 0.122098,
    "bounding_box": {
      "min": [-0.34995204039411065, -0.8658122107189372, -0.10188706076117465],
      "max": [0.697512693002277, 0.8573074928402844, 0.02021072013548016]
    }
  },
  "hinge": {
    "coordinate_frame": "F_world: origin=door_center, x=right, y=up, z=out-of-door",
    "position": [-0.3198644365209349, 0.8272195872064542, -0.0],
    "axis": [0.0, -1.0, -0.0],
    "lower_limit_rad": 0.0,
    "upper_limit_rad": 1.5079644737231006,
    "upper_limit_deg": 86.4
  },
  "handle": {
    "coordinate_frame": "position_on_door+rotation_axis: F_hinge (origin=hinge_joint, axes=F_world); bounding_box+grasp_point: F_handle (origin=handle_joint, axes=F_world)",
    "type": "lever",
    "mesh_scale": 1.1598514574155012,
    "position_on_door": [0.5611693339618071, -0.89303187540051, -0.018329714349917117],
    "rotation_axis": [0.0, 0.0, -1.0],
    "lower_limit_rad": 0.0,
    "upper_limit_rad": 1.5079644737231006,
    "upper_limit_deg": 86.4,
    "width_m": 0.165256,
    "height_m": 0.04825,
    "depth_m": 0.0871,
    "bounding_box": {
      "min": [-0.1411258229798867, -0.023669485702748284, 0.0006175012584702327],
      "max": [0.02412999410356223, 0.024580325383051826, 0.08771734447361187]
    },
    "grasp_point": [-0.07056291216693666, 0.06388489948623746, -0.0]
  }
}