{
  "asset_id": "99690039960001",
  "body_id": "9969003",
  "handle_id": "9960001",
  "door_type": "LeverDoor",
  "open_direction": "right-pull",
  "coordinate_frame": "F_world: x=right, y=up, z=out-of-door",
  "door_body": {
    "mesh_scale": 1.0032306484738107,
    "width_m": 0.712207,
    "height_m": 1.776424,
    "depth_m": 0.122794,
    "bounding_box": {
      "min": [-0.3558028070637176, -0.891903534487034, -0.060456467331617754],
      "max": [0.35640467435541834, 0.8845200114969953, 0.06233711806901005]
    }
  },
  "hinge": {
    "coordinate_frame": "F_world: origin=door_center, x=right, y=up, z=out-of-door",
    "position": [-0.33967945541087496, 0.8713100236520611, -0.0],
    "axis": [0.0, -1.0, -0.0],
    "lower_limit_rad": 0.0,
    "upper_limit_rad": 1.5079644737231006,
    "upper_limit_deg": 86.4
  },
  "handle": {
    "coordinate_frame": "position_on_door+rotation_axis: F_hinge (origin=hinge_joint, axes=F_world); bounding_box+grasp_point: F_handle (origin=handle_joint, axes=F_world)",
    "type": "lever",
    "mesh_scale": 0.8953053054051062,
    "position_on_door": [0.599474465703611, -0.96005084520364, -0.012032082220961096],
    "rotation_axis": [0.0, 0.0, -1.0],
    "lower_limit_rad": 0.0,
    "upper_limit_rad": 1.5079644737231006,
    "upper_limit_deg": 86.4,
    "width_m": 0.135191,
    "height_m": 0.044765,
    "depth_m": 0.058982,
    "bounding_box": {
      "min": [-0.11280845145322789, -0.022382627113583683, -4.5108190447108716e-09],
      "max": [0.022382638192017086, 0.022382637989236245, 0.0589822534203665]
    },
    "grasp_point": [-0.056404228477171386, 0.04739722926354908, -0.0]
  }
}