{
  "asset_id": "99670229968013",
  "body_id": "9967022",
  "handle_id": "9968013",
  "door_type": "Car",
  "open_direction": "car",
  "coordinate_frame": "F_world: x=right, y=up, z=out-of-door",
  "door_body": {
    "mesh_scale": 1.0,
    "width_m": 4.0,
    "height_m": 1.461372,
    "depth_m": 1.983506,
    "bounding_box": {
      "min": [-2.3656341440688267, -0.8767325869130322, -1.9353172321093426],
      "max": [1.6343658559311736, 0.5846391014480672, 0.0481884926665478]
    }
  },
  "hinge": {
    "coordinate_frame": "F_world: origin=door_center, x=right, y=up, z=out-of-door",
    "position": [-1.099013569493686, 0.23135472570606985, -0.0],
    "axis": [0.0, -1.0, -0.0],
    "lower_limit_rad": 0.0,
    "upper_limit_rad": 1.5079644737231006,
    "upper_limit_deg": 86.4
  },
  "handle": {
    "coordinate_frame": "position_on_door+rotation_axis: F_hinge (origin=hinge_joint, axes=F_world); bounding_box+grasp_point: F_handle (origin=handle_joint, axes=F_world)",
    "type": "car",
    "mesh_scale": 1.0,
    "position_on_door": [1.089013569493686, -0.23135472570606985, -0.005],
    "rotation_axis": [0.0, 0.0, -1.0],
    "lower_limit_rad": 0.0,
    "upper_limit_rad": 0.0,
    "upper_limit_deg": 0.0,
    "width_m": 0.2,
    "height_m": 0.043909,
    "depth_m": 0.042316,
    "bounding_box": {
      "min": [-0.030038203509538487, -0.021918680214887316, 0.004079467992440289],
      "max": [0.1699617964904615, 0.021989829530945085, 0.046395872603282484]
    },
    "grasp_point": [0.0978636631034848, 0.03239476167814592, -0.0]
  }
}