{
  "asset_id": "99614019960005",
  "body_id": "9961401",
  "handle_id": "9960005",
  "door_type": "Fridge",
  "open_direction": "fridge",
  "coordinate_frame": "F_world: x=right, y=up, z=out-of-door",
  "door_body": {
    "mesh_scale": 0.7,
    "width_m": 0.542538,
    "height_m": 1.155262,
    "depth_m": 0.624535,
    "bounding_box": {
      "min": [-0.4369473338127136, -0.7377418870451822, -0.5623706657138794],
      "max": [0.10559092220505512, 0.41751975299110755, 0.062164677182931026]
    }
  },
  "hinge": {
    "coordinate_frame": "F_world: origin=door_center, x=right, y=up, z=out-of-door",
    "position": [-0.43067193359250056, 0.41782663873822895, -0.0],
    "axis": [0.0, -1.0, -0.0],
    "lower_limit_rad": 0.0,
    "upper_limit_rad": 1.5079644737231006,
    "upper_limit_deg": 86.4
  },
  "handle": {
    "coordinate_frame": "position_on_door+rotation_axis: F_hinge (origin=hinge_joint, axes=F_world); bounding_box+grasp_point: F_handle (origin=handle_joint, axes=F_world)",
    "type": "lever",
    "mesh_scale": 1.4,
    "position_on_door": [0.43067193359250056, -0.41782663873822895, -0.047019655831599824],
    "rotation_axis": [0.0, 0.0, -1.0],
    "lower_limit_rad": 0.0,
    "upper_limit_rad": 1.5079644737231006,
    "upper_limit_deg": 86.4,
    "width_m": 0.117901,
    "height_m": 0.063633,
    "depth_m": 0.041847,
    "bounding_box": {
      "min": [-0.08708892017687161, -0.03203918450265634, 0.00016438405328939794],
      "max": [0.030811608773175268, 0.031593634844297405, 0.04201151294995745]
    },
    "grasp_point": [-0.04354446083307266, 0.03788794837892055, -0.0]
  }
}