{
  "asset_id": "99670149968001",
  "body_id": "9967014",
  "handle_id": "9968001",
  "door_type": "Car",
  "open_direction": "car",
  "coordinate_frame": "F_world: x=right, y=up, z=out-of-door",
  "door_body": {
    "mesh_scale": 1.0,
    "width_m": 4.0,
    "height_m": 1.357316,
    "depth_m": 1.78303,
    "bounding_box": {
      "min": [-2.3693598401238574, -0.7022857612558744, -1.7531556766815444],
      "max": [1.6306401598761426, 0.6550304431677861, 0.02987399569337667]
    }
  },
  "hinge": {
    "coordinate_frame": "F_world: origin=door_center, x=right, y=up, z=out-of-door",
    "position": [-1.0111848321342034, 0.4573272800359176, -0.0],
    "axis": [0.0, -1.0, -0.0],
    "lower_limit_rad": 0.0,
    "upper_limit_rad": 1.5079644737231006,
    "upper_limit_deg": 86.4
  },
  "handle": {
    "coordinate_frame": "position_on_door+rotation_axis: F_hinge (origin=hinge_joint, axes=F_world); bounding_box+grasp_point: F_handle (origin=handle_joint, axes=F_world)",
    "type": "car",
    "mesh_scale": 1.0,
    "position_on_door": [1.0011848321342034, -0.4573272800359176, -0.005],
    "rotation_axis": [0.0, 0.0, -1.0],
    "lower_limit_rad": 0.0,
    "upper_limit_rad": 0.0,
    "upper_limit_deg": 0.0,
    "width_m": 0.2,
    "height_m": 0.010584,
    "depth_m": 0.053541,
    "bounding_box": {
      "min": [-0.010561736083846387, -0.005445131803372321, 0.014314206674997604],
      "max": [0.18943826391615362, 0.005138894042315506, 0.0678553095644281]
    },
    "grasp_point": [0.07989681757797912, 0.04987935987267039, -0.0]
  }
}