{
  "asset_id": "99611129961204",
  "body_id": "9961112",
  "handle_id": "9961204",
  "door_type": "Safe",
  "open_direction": "right-pull",
  "coordinate_frame": "F_world: x=right, y=up, z=out-of-door",
  "door_body": {
    "mesh_scale": 0.2,
    "width_m": 0.6096,
    "height_m": 0.6096,
    "depth_m": 0.6096,
    "bounding_box": {
      "min": [-0.30503079593181615, -0.30565519332885743, -0.5831583976745606],
      "max": [0.30456928874800654, 0.30394479930400853, 0.026441687005262084]
    }
  },
  "hinge": {
    "coordinate_frame": "F_world: origin=door_center, x=right, y=up, z=out-of-door",
    "position": [-0.23645086622142092, 0.0, -0.0],
    "axis": [0.0, -1.0, -0.0],
    "lower_limit_rad": 0.0,
    "upper_limit_rad": 1.5079644737231006,
    "upper_limit_deg": 86.4
  },
  "handle": {
    "coordinate_frame": "position_on_door+rotation_axis: F_hinge (origin=hinge_joint, axes=F_world); bounding_box+grasp_point: F_handle (origin=handle_joint, axes=F_world)",
    "type": "dial",
    "mesh_scale": 0.5,
    "position_on_door": [0.23645086622142092, 0.0, -0.01084292607811039],
    "rotation_axis": [0.0, 0.0, -1.0],
    "lower_limit_rad": 0.0,
    "upper_limit_rad": 1.5079644737231006,
    "upper_limit_deg": 86.4,
    "width_m": 0.154036,
    "height_m": 0.152937,
    "depth_m": 0.039911,
    "bounding_box": {
      "min": [-0.0771708744756766, -0.0794845649402083, 0.00016150403395362098],
      "max": [0.07686467374452814, 0.0734520127291316, 0.04007292462027498]
    },
    "grasp_point": [-0.0001531003654235974, 0.025117214769124985, 0.003016276052221656]
  }
}