{
  "asset_id": "99690659960046",
  "body_id": "9969065",
  "handle_id": "9960046",
  "door_type": "LeverDoor",
  "open_direction": "right-pull",
  "coordinate_frame": "F_world: x=right, y=up, z=out-of-door",
  "door_body": {
    "mesh_scale": 1.0460231920549514,
    "width_m": 0.968565,
    "height_m": 1.883292,
    "depth_m": 0.095375,
    "bounding_box": {
      "min": [-0.4830430450807175, -0.9401122950713096, -0.04825935356094326],
      "max": [0.4855221199261799, 0.9431792476212595, 0.04711608486958224]
    }
  },
  "hinge": {
    "coordinate_frame": "F_world: origin=door_center, x=right, y=up, z=out-of-door",
    "position": [-0.4830430450807175, 0.9431792476212595, -0.0],
    "axis": [0.0, -1.0, -0.0],
    "lower_limit_rad": 0.0,
    "upper_limit_rad": 1.5079644737231006,
    "upper_limit_deg": 86.4
  },
  "handle": {
    "coordinate_frame": "position_on_door+rotation_axis: F_hinge (origin=hinge_joint, axes=F_world); bounding_box+grasp_point: F_handle (origin=handle_joint, axes=F_world)",
    "type": "lever",
    "mesh_scale": 1.0369339946913414,
    "position_on_door": [0.8885651650068973, -0.900512322625329, -0.04825935356094326],
    "rotation_axis": [0.0, 0.0, -1.0],
    "lower_limit_rad": 0.0,
    "upper_limit_rad": 1.5079644737231006,
    "upper_limit_deg": 86.4,
    "width_m": 0.154736,
    "height_m": 0.065845,
    "depth_m": 0.062553,
    "bounding_box": {
      "min": [-0.12181398260048701, -0.03288515580902183, 0.00021213513349869491],
      "max": [0.03292249242438697, 0.03296015781450897, 0.06276517760728823]
    },
    "grasp_point": [-0.06090699319117911, 0.05015346879922358, 0.0]
  }
}