{
  "asset_id": "99613409961601",
  "body_id": "9961340",
  "handle_id": "9961601",
  "door_type": "Cabinet",
  "open_direction": "right-pull",
  "coordinate_frame": "F_world: x=right, y=up, z=out-of-door",
  "door_body": {
    "mesh_scale": 1.2,
    "width_m": 0.6,
    "height_m": 0.6,
    "depth_m": 0.309491,
    "bounding_box": {
      "min": [-0.5463780559590844, -0.30160720888131737, -0.3035608175710741],
      "max": [0.05362194136743596, 0.2983928110945733, 0.005930097007169244]
    }
  },
  "hinge": {
    "coordinate_frame": "F_world: origin=door_center, x=right, y=up, z=out-of-door",
    "position": [-0.5364193039600399, 0.290739365736016, -0.0],
    "axis": [0.0, -1.0, -0.0],
    "lower_limit_rad": 0.0,
    "upper_limit_rad": 1.5079644737231006,
    "upper_limit_deg": 86.4
  },
  "handle": {
    "coordinate_frame": "position_on_door+rotation_axis: F_hinge (origin=hinge_joint, axes=F_world); bounding_box+grasp_point: F_handle (origin=handle_joint, axes=F_world)",
    "type": "dial",
    "mesh_scale": 1.0,
    "position_on_door": [0.0, 0.0, -0.0],
    "rotation_axis": [0.0, 0.0, -1.0],
    "lower_limit_rad": 0.0,
    "upper_limit_rad": 1.5079644737231006,
    "upper_limit_deg": 86.4,
    "width_m": 0.026898,
    "height_m": 0.027328,
    "depth_m": 0.029889,
    "bounding_box": {
      "min": [-0.013373648114320787, -0.013776126706751357, 0.015462163640088395],
      "max": [0.01352469451081099, 0.013552315411984744, 0.045351003094945164]
    },
    "grasp_point": [7.552320054018254e-05, 0.03209709020029158, -2.82604863559147e-05]
  },
  "lock": {
    "bounding_box": {
      "min": [-0.04195452547951056, -0.05758880063198814, -0.0006830791105530548],
      "max": [0.04215287609190671, 0.026513003478771315, 0.027930943909181605]
    }
  }
}