{
  "asset_id": "99670219968013",
  "body_id": "9967021",
  "handle_id": "9968013",
  "door_type": "Car",
  "open_direction": "car",
  "coordinate_frame": "F_world: x=right, y=up, z=out-of-door",
  "door_body": {
    "mesh_scale": 1.0,
    "width_m": 4.0,
    "height_m": 1.645848,
    "depth_m": 1.951795,
    "bounding_box": {
      "min": [-2.023327074576359, -0.8283939998577439, -1.8467704581343034],
      "max": [1.9766729254236404, 0.8174539443121406, 0.10502449708584345]
    }
  },
  "hinge": {
    "coordinate_frame": "F_world: origin=door_center, x=right, y=up, z=out-of-door",
    "position": [-0.8570258796257885, 0.656348105113271, -0.0],
    "axis": [0.0, -1.0, -0.0],
    "lower_limit_rad": 0.0,
    "upper_limit_rad": 1.5079644737231006,
    "upper_limit_deg": 86.4
  },
  "handle": {
    "coordinate_frame": "position_on_door+rotation_axis: F_hinge (origin=hinge_joint, axes=F_world); bounding_box+grasp_point: F_handle (origin=handle_joint, axes=F_world)",
    "type": "car",
    "mesh_scale": 1.0,
    "position_on_door": [0.8470258796257885, -0.656348105113271, -0.005],
    "rotation_axis": [0.0, 0.0, -1.0],
    "lower_limit_rad": 0.0,
    "upper_limit_rad": 0.0,
    "upper_limit_deg": 0.0,
    "width_m": 0.2,
    "height_m": 0.043909,
    "depth_m": 0.042316,
    "bounding_box": {
      "min": [-0.030038203509538487, -0.021918680214887316, 0.004079467992440289],
      "max": [0.1699617964904615, 0.021989829530945085, 0.046395872603282484]
    },
    "grasp_point": [0.0978636631034848, 0.03239476167814592, -0.0]
  }
}