{
  "asset_id": "99613029962004",
  "body_id": "9961302",
  "handle_id": "9962004",
  "door_type": "Cabinet",
  "open_direction": "right-pull",
  "coordinate_frame": "F_world: x=right, y=up, z=out-of-door",
  "door_body": {
    "mesh_scale": 0.8,
    "width_m": 0.63929,
    "height_m": 1.225306,
    "depth_m": 0.904118,
    "bounding_box": {
      "min": [-0.5758474588394166, -0.6265056471494815, -0.8659005140344367],
      "max": [0.06344215869903565, 0.5988000221385936, 0.03821708057286602]
    }
  },
  "hinge": {
    "coordinate_frame": "F_world: origin=door_center, x=right, y=up, z=out-of-door",
    "position": [-0.5625289857387543, 0.3346488366645233, -0.0],
    "axis": [0.0, -1.0, -0.0],
    "lower_limit_rad": 0.0,
    "upper_limit_rad": 1.5079644737231006,
    "upper_limit_deg": 86.4
  },
  "handle": {
    "coordinate_frame": "position_on_door+rotation_axis: F_hinge (origin=hinge_joint, axes=F_world); bounding_box+grasp_point: F_handle (origin=handle_joint, axes=F_world)",
    "type": "round",
    "mesh_scale": 1.4596394423432815,
    "position_on_door": [0.5625289857387543, -0.3346488366645233, -0.013381251637136058],
    "rotation_axis": [0.0, 0.0, -1.0],
    "lower_limit_rad": 0.0,
    "upper_limit_rad": 1.5079644737231006,
    "upper_limit_deg": 86.4,
    "width_m": 0.067516,
    "height_m": 0.067516,
    "depth_m": 0.080197,
    "bounding_box": {
      "min": [-0.03418389453826574, -0.03375472233483621, 0.0001328521707502181],
      "max": [0.03333173864852266, 0.033760921727113494, 0.08032976645753523]
    },
    "grasp_point": [-0.00042607794487154057, 0.0548277021159537, -0.0]
  }
}