{
  "asset_id": "99690139969534",
  "body_id": "9969013",
  "handle_id": "9969534",
  "door_type": "Window",
  "open_direction": "window",
  "coordinate_frame": "F_world: x=right, y=up, z=out-of-door",
  "door_body": {
    "mesh_scale": 1.0,
    "width_m": 0.649288,
    "height_m": 1.208895,
    "depth_m": 0.015481,
    "bounding_box": {
      "min": [-0.324666816459689, -0.6056669496924145, 0.028971835286962344],
      "max": [0.3246207014308311, 0.6032280899666915, 0.044453212081602134]
    }
  },
  "hinge": {
    "coordinate_frame": "F_world: origin=door_center, x=right, y=up, z=out-of-door",
    "position": [-0.30546158315543975, 0.5833843402065071, -0.0],
    "axis": [0.0, -1.0, -0.0],
    "lower_limit_rad": 0.0,
    "upper_limit_rad": 1.5079644737231006,
    "upper_limit_deg": 86.4
  },
  "handle": {
    "coordinate_frame": "position_on_door+rotation_axis: F_hinge (origin=hinge_joint, axes=F_world); bounding_box+grasp_point: F_handle (origin=handle_joint, axes=F_world)",
    "type": "window",
    "mesh_scale": 1.0,
    "position_on_door": [0.0, 0.0, -0.0],
    "rotation_axis": [0.0, 0.0, -1.0],
    "lower_limit_rad": 0.0,
    "upper_limit_rad": 1.5079644737231006,
    "upper_limit_deg": 86.4,
    "width_m": 0.031515,
    "height_m": 0.15,
    "depth_m": 0.083599,
    "bounding_box": {
      "min": [-0.015975419199091342, -0.01667600173988874, 0.008141398091589659],
      "max": [0.015539688409574766, 0.1333239982601113, 0.09174078510326024]
    },
    "grasp_point": [-0.0002178653909006175, 0.07687726003718233, -0.0628133606031656]
  },
  "lock": {
    "bounding_box": {
      "min": [-0.01694017085221871, -0.04592670017589438, -4.9059093386238416e-09],
      "max": [0.016730252654929636, 0.043798129624804734, 0.011224060690808838]
    }
  }
}