{
  "asset_id": "99689949960032",
  "body_id": "9968994",
  "handle_id": "9960032",
  "door_type": "LeverDoor",
  "open_direction": "right-pull",
  "coordinate_frame": "F_world: x=right, y=up, z=out-of-door",
  "door_body": {
    "mesh_scale": 1.0130450797940607,
    "width_m": 0.783618,
    "height_m": 1.798641,
    "depth_m": 0.130416,
    "bounding_box": {
      "min": [-0.39066842796750023, -0.9535884296992234, -0.06531706605125512],
      "max": [0.3929493199882867, 0.8450528218990565, 0.06509942286007239]
    }
  },
  "hinge": {
    "coordinate_frame": "F_world: origin=door_center, x=right, y=up, z=out-of-door",
    "position": [-0.3390241447539204, 0.7878139936033663, -0.0],
    "axis": [0.0, -1.0, -0.0],
    "lower_limit_rad": 0.0,
    "upper_limit_rad": 1.5079644737231006,
    "upper_limit_deg": 86.4
  },
  "handle": {
    "coordinate_frame": "position_on_door+rotation_axis: F_hinge (origin=hinge_joint, axes=F_world); bounding_box+grasp_point: F_handle (origin=handle_joint, axes=F_world)",
    "type": "lever",
    "mesh_scale": 0.8546991639406143,
    "position_on_door": [0.6003033341765117, -0.9342683413404933, -0.026235913555108917],
    "rotation_axis": [0.0, 0.0, -1.0],
    "lower_limit_rad": 0.0,
    "upper_limit_rad": 1.5079644737231006,
    "upper_limit_deg": 86.4,
    "width_m": 0.147863,
    "height_m": 0.059829,
    "depth_m": 0.055555,
    "bounding_box": {
      "min": [-0.11788566843453996, -0.029851639739473204, 1.0406842987721338e-09],
      "max": [0.02997728752659918, 0.029977289766447982, 0.05555544971610165]
    },
    "grasp_point": [-0.05894283383383039, 0.04487170788992365, -0.0]
  }
}