{
  "asset_id": "99614059960045",
  "body_id": "9961405",
  "handle_id": "9960045",
  "door_type": "Fridge",
  "open_direction": "fridge",
  "coordinate_frame": "F_world: x=right, y=up, z=out-of-door",
  "door_body": {
    "mesh_scale": 0.7,
    "width_m": 0.637388,
    "height_m": 1.322257,
    "depth_m": 0.478951,
    "bounding_box": {
      "min": [-0.4979390360415627, -0.8673763600459284, -0.5312113598925995],
      "max": [0.13944879063944543, 0.454880256242104, -0.052260143586854796]
    }
  },
  "hinge": {
    "coordinate_frame": "F_world: origin=door_center, x=right, y=up, z=out-of-door",
    "position": [-0.49288004794690615, 0.45374338540906467, -0.0],
    "axis": [0.0, -1.0, -0.0],
    "lower_limit_rad": 0.0,
    "upper_limit_rad": 1.5079644737231006,
    "upper_limit_deg": 86.4
  },
  "handle": {
    "coordinate_frame": "position_on_door+rotation_axis: F_hinge (origin=hinge_joint, axes=F_world); bounding_box+grasp_point: F_handle (origin=handle_joint, axes=F_world)",
    "type": "lever",
    "mesh_scale": 1.0,
    "position_on_door": [0.49288004794690615, -0.45374338540906467, -0.06425245236393073],
    "rotation_axis": [0.0, 0.0, -1.0],
    "lower_limit_rad": 0.0,
    "upper_limit_rad": 1.5079644737231006,
    "upper_limit_deg": 86.4,
    "width_m": 0.112246,
    "height_m": 0.0635,
    "depth_m": 0.045011,
    "bounding_box": {
      "min": [-0.0804961030768716, -0.03174999697506249, -1.3878373381071007e-09],
      "max": [0.0317499996162951, 0.031750003014506666, 0.04501068105040696]
    },
    "grasp_point": [-0.04024805128574371, 0.037505339831113815, 0.0]
  }
}